elevation_m,lat,lon,lst_mean_c,ndvi_median,ndvi_std,rain_mm_per_year,sar_vh_mean_db,sar_vv_mean_db,slope_deg,zone_id,dist_to_mine_km
286.3795,21.655,80.055,30.7716,0.3898,0.1262,1472.758,-16.9606,-9.9344,1.0372,r00_c00,21.317
286.2716,21.655,80.065,30.7686,0.3945,0.1255,1472.758,-16.9689,-9.7476,1.0891,r00_c01,20.656
286.5996,21.655,80.075,30.7709,0.3895,0.1266,1472.7582,-16.8475,-9.8331,1.1353,r00_c02,20.027
292.5243,21.655,80.085,30.7273,0.3977,0.134,1472.7583,-16.916,-9.7827,1.1873,r00_c03,19.432
299.1515,21.655,80.095,30.7123,0.3704,0.1288,1472.758,-16.9771,-9.5769,1.1511,r00_c04,18.875
294.4189,21.655,80.105,30.7798,0.3735,0.1226,1495.8411,-17.1813,-10.0665,1.3887,r00_c05,18.359
291.2191,21.655,80.115,30.8766,0.3712,0.1167,1496.0214,-17.1329,-10.0238,1.4071,r00_c06,17.888
296.5204,21.655,80.125,30.8583,0.3889,0.1232,1496.0215,-16.8563,-9.8146,1.3137,r00_c07,17.465
295.4282,21.655,80.135,30.901,0.3888,0.1213,1496.0215,-16.9865,-9.8136,1.517,r00_c08,17.095
297.561,21.655,80.145,31.0106,0.3696,0.1172,1496.0215,-16.9908,-9.812,1.3707,r00_c09,16.78
291.0735,21.655,80.155,31.18,0.3423,0.0859,1509.9979,-18.0192,-10.6839,1.7551,r00_c10,16.524
290.9569,21.655,80.165,31.1725,0.3453,0.1205,1510.5558,-17.7079,-10.2557,1.7077,r00_c11,16.329
291.9433,21.655,80.175,30.9714,0.3804,0.1294,1510.5555,-17.0779,-9.6256,1.2448,r00_c12,16.198
285.129,21.655,80.185,30.9597,0.3386,0.1051,1510.5555,-18.6401,-10.815,1.7845,r00_c13,16.132
283.8799,21.655,80.195,30.9499,0.349,0.1267,1510.9869,-18.4745,-10.689,2.0896,r00_c14,16.132
290.8114,21.655,80.205,30.7354,0.4015,0.1374,1531.3432,-16.9374,-9.6566,1.2122,r00_c15,16.198
289.4922,21.655,80.215,30.6039,0.4317,0.1258,1531.3435,-16.5297,-9.5006,1.3405,r00_c16,16.329
287.9148,21.655,80.225,30.5783,0.4131,0.1218,1531.3442,-16.2987,-9.3613,1.525,r00_c17,16.524
286.6756,21.655,80.235,30.578,0.3664,0.1161,1531.3442,-17.1163,-10.1051,2.0881,r00_c18,16.78
290.8696,21.655,80.245,30.4966,0.3965,0.1414,1531.3442,-16.9595,-9.7463,1.5096,r00_c19,17.095
292.4993,21.655,80.255,30.4698,0.3905,0.1508,1508.4375,-17.5287,-10.0297,1.077,r00_c20,17.465
291.4903,21.655,80.265,30.591,0.3629,0.1381,1508.2172,-17.3238,-9.7569,1.2223,r00_c21,17.888
288.4519,21.655,80.275,30.4133,0.4151,0.1293,1508.2172,-16.4048,-9.378,1.4026,r00_c22,18.359
286.7752,21.655,80.285,30.1399,0.3927,0.12,1508.2172,-17.0469,-9.8582,1.8598,r00_c23,18.875
292.4389,21.655,80.295,29.9799,0.3805,0.145,1508.2172,-16.7397,-9.6735,1.1594,r00_c24,19.432
294.0455,21.655,80.305,30.12,0.3319,0.1367,1528.0714,-17.1792,-9.9604,1.4706,r00_c25,20.027
297.0541,21.655,80.315,30.4504,0.3175,0.1229,1528.9019,-17.7083,-10.2644,1.6609,r00_c26,20.656
299.0819,21.655,80.325,30.6485,0.3149,0.1248,1528.9026,-18.0512,-10.6093,1.7137,r00_c27,21.317
300.0869,21.655,80.335,30.7162,0.3205,0.1289,1528.9021,-17.6446,-10.1331,1.6295,r00_c28,22.007
301.2,21.655,80.345,30.8061,0.314,0.1274,1529.5912,-18.3762,-10.7513,1.651,r00_c29,22.722
289.6858,21.665,80.055,30.7664,0.4055,0.1245,1473.0376,-17.0046,-9.7561,1.0376,r01_c00,20.489
287.9493,21.665,80.065,30.8388,0.3652,0.1183,1473.0376,-17.1507,-9.9675,1.3024,r01_c01,19.8
291.1602,21.665,80.075,30.8662,0.3732,0.1281,1473.0376,-17.0679,-9.8689,1.1008,r01_c02,19.143
292.5263,21.665,80.085,30.7426,0.388,0.1376,1473.0376,-16.9137,-9.8436,1.1745,r01_c03,18.519
294.691,21.665,80.095,30.5629,0.4214,0.1485,1473.0376,-17.0388,-9.9482,1.1987,r01_c04,17.934
299.9527,21.665,80.105,30.5508,0.4053,0.1318,1495.8044,-16.9452,-9.931,1.4896,r01_c05,17.39
299.1862,21.665,80.115,30.6512,0.4003,0.128,1495.9823,-16.7049,-9.8005,1.6099,r01_c06,16.892
299.7927,21.665,80.125,30.6201,0.4111,0.1314,1495.9823,-16.6674,-9.7099,1.3332,r01_c07,16.444
301.5471,21.665,80.135,30.7564,0.3703,0.1181,1495.9823,-17.13,-10.0243,1.4705,r01_c08,16.05
295.0227,21.665,80.145,30.9774,0.3954,0.1065,1495.9823,-17.1121,-10.0895,1.5932,r01_c09,15.714
289.7512,21.665,80.155,31.1525,0.3842,0.1168,1509.7419,-17.0741,-9.9349,1.3876,r01_c10,15.441
292.5033,21.665,80.165,31.0315,0.4091,0.1282,1510.2911,-16.5647,-9.3488,1.3729,r01_c11,15.232
289.1739,21.665,80.175,30.8343,0.4325,0.1117,1510.2911,-16.4797,-9.4158,1.3732,r01_c12,15.091
283.3496,21.665,80.185,30.7281,0.3523,0.1152,1510.2911,-18.7332,-11.4315,1.8734,r01_c13,15.02
283.0968,21.665,80.195,30.7951,0.4282,0.1423,1510.7073,-16.8939,-9.7253,1.0206,r01_c14,15.02
291.3631,21.665,80.205,30.9087,0.3392,0.1217,1530.3452,-17.6069,-10.1182,1.4136,r01_c15,15.091
291.1367,21.665,80.215,30.7988,0.414,0.1388,1530.3452,-16.7471,-9.5941,1.1013,r01_c16,15.232
291.282,21.665,80.225,30.5086,0.4241,0.1247,1530.3452,-16.4333,-9.4114,1.3048,r01_c17,15.441
290.7389,21.665,80.235,30.3791,0.3898,0.1227,1530.3452,-16.774,-9.5723,1.4819,r01_c18,15.714
286.7393,21.665,80.245,30.4987,0.3733,0.1082,1530.3452,-17.1746,-9.8823,1.9892,r01_c19,16.05
290.5115,21.665,80.255,30.6505,0.3773,0.1116,1507.9202,-16.7613,-9.2393,1.6428,r01_c20,16.444
292.7045,21.665,80.265,30.7665,0.3609,0.1354,1507.7052,-17.4196,-9.7827,1.3146,r01_c21,16.892
290.0059,21.665,80.275,30.5769,0.3838,0.1277,1507.7052,-16.6898,-9.5821,1.3687,r01_c22,17.39
288.46,21.665,80.285,30.3227,0.3538,0.119,1507.7052,-17.1949,-9.5464,1.6852,r01_c23,17.934
290.1136,21.665,80.295,30.3548,0.382,0.1163,1507.7052,-16.5929,-9.3753,1.5519,r01_c24,18.519
293.9546,21.665,80.305,30.4262,0.3451,0.1255,1527.3668,-16.8455,-9.7744,1.413,r01_c25,19.143
296.371,21.665,80.315,30.3969,0.3393,0.1499,1528.1895,-17.0746,-9.8471,1.1359,r01_c26,19.8
296.9919,21.665,80.325,30.3796,0.3407,0.1366,1528.1895,-17.0888,-9.7318,1.2816,r01_c27,20.489
298.6083,21.665,80.335,30.652,0.3008,0.1147,1528.1895,-17.8946,-10.2962,1.6428,r01_c28,21.205
300.9095,21.665,80.345,30.947,0.3307,0.1229,1528.8982,-18.2378,-10.701,1.7038,r01_c29,21.947
292.8875,21.675,80.055,30.873,0.3857,0.128,1473.0376,-16.7504,-9.6791,0.9983,r02_c00,19.688
295.4934,21.675,80.065,30.8127,0.3908,0.1204,1473.0376,-16.6309,-9.5672,1.409,r02_c01,18.971
292.273,21.675,80.075,30.7503,0.3902,0.129,1473.0376,-16.7434,-9.668,1.1759,r02_c02,18.283
293.2322,21.675,80.085,30.6573,0.3996,0.1351,1473.0376,-17.154,-10.0366,1.0911,r02_c03,17.63
297.2508,21.675,80.095,30.5627,0.3885,0.1292,1473.0376,-16.9757,-9.7056,1.195,r02_c04,17.014
310.4042,21.675,80.105,30.6515,0.4066,0.1235,1495.805,-17.4359,-10.5102,3.6825,r02_c05,16.44
313.3367,21.675,80.115,30.7937,0.3637,0.1182,1495.9823,-17.4213,-10.081,3.8491,r02_c06,15.912
301.209,21.675,80.125,30.7798,0.3856,0.1369,1495.9823,-16.8662,-9.7287,1.1113,r02_c07,15.436
295.7578,21.675,80.135,30.8081,0.401,0.1451,1495.9823,-16.9393,-9.9605,1.3173,r02_c08,15.015
291.0985,21.675,80.145,30.9552,0.3999,0.1332,1495.9823,-17.0141,-9.8782,1.2145,r02_c09,14.656
292.2308,21.675,80.155,31.132,0.4107,0.1408,1509.7415,-16.887,-9.7081,1.1481,r02_c10,14.362
295.8021,21.675,80.165,31.2111,0.3915,0.1415,1510.2911,-16.9121,-9.4798,1.0408,r02_c11,14.137
288.3783,21.675,80.175,31.2084,0.4185,0.1195,1510.2911,-16.5519,-9.5215,1.4729,r02_c12,13.985
283.7291,21.675,80.185,31.1141,0.3535,0.1095,1510.2911,-18.9848,-11.422,2.0722,r02_c13,13.909
286.3791,21.675,80.195,30.9845,0.4247,0.126,1510.7069,-16.7345,-9.694,1.3502,r02_c14,13.909
292.6018,21.675,80.205,31.0121,0.3978,0.1356,1530.3452,-16.7021,-9.1869,1.2846,r02_c15,13.985
293.4643,21.675,80.215,30.8782,0.3954,0.1373,1530.3452,-17.0651,-9.6068,1.1405,r02_c16,14.137
293.0997,21.675,80.225,30.5139,0.4185,0.132,1530.3452,-16.8601,-9.8154,1.1043,r02_c17,14.362
292.6421,21.675,80.235,30.1173,0.3861,0.1408,1530.3452,-17.2995,-9.9804,1.0806,r02_c18,14.656
290.1275,21.675,80.245,30.0407,0.4331,0.1247,1530.3452,-16.314,-9.2478,1.5858,r02_c19,15.015
288.4212,21.675,80.255,30.2794,0.3891,0.1131,1507.9197,-17.2651,-10.0627,2.0093,r02_c20,15.436
293.0839,21.675,80.265,30.5344,0.3672,0.1405,1507.7052,-17.1552,-9.7777,1.3931,r02_c21,15.912
292.0035,21.675,80.275,30.4791,0.3631,0.1434,1507.7052,-16.9905,-9.8475,1.4784,r02_c22,16.44
289.7196,21.675,80.285,30.3693,0.3771,0.1324,1507.7052,-17.0947,-9.9722,1.719,r02_c23,17.014
288.0937,21.675,80.295,30.4907,0.3331,0.1167,1507.7052,-17.7234,-10.6625,1.8765,r02_c24,17.63
290.7692,21.675,80.305,30.589,0.355,0.1107,1527.3669,-16.9986,-9.8608,1.5376,r02_c25,18.283
294.1618,21.675,80.315,30.4849,0.3359,0.1173,1528.1895,-16.8949,-9.4692,1.5446,r02_c26,18.971
291.5733,21.675,80.325,30.4821,0.367,0.1036,1528.1895,-16.8809,-9.8429,1.402,r02_c27,19.688
296.6731,21.675,80.335,30.5449,0.3598,0.1206,1528.1895,-16.9114,-9.793,1.3324,r02_c28,20.433
298.415,21.675,80.345,30.529,0.3512,0.1291,1528.8975,-16.7958,-9.6864,1.4173,r02_c29,21.201
297.4891,21.685,80.055,30.7262,0.3839,0.1332,1473.0376,-16.9524,-9.7646,1.3156,r03_c00,18.919
297.0906,21.685,80.065,30.7102,0.3864,0.1334,1473.0376,-16.8566,-9.8924,1.0942,r03_c01,18.171
298.025,21.685,80.075,30.7199,0.3666,0.1276,1473.0376,-17.2343,-10.1849,1.3771,r03_c02,17.453
295.0502,21.685,80.085,30.7235,0.3756,0.1361,1473.0376,-16.9876,-9.8428,1.0577,r03_c03,16.767
299.6955,21.685,80.095,30.6897,0.3771,0.1284,1473.0376,-17.1467,-10.1807,1.6608,r03_c04,16.118
305.6712,21.685,80.105,30.7471,0.3747,0.1164,1495.8044,-17.136,-10.0252,1.3988,r03_c05,15.511
302.475,21.685,80.115,30.8235,0.3806,0.1369,1495.9823,-17.0822,-9.9771,1.2317,r03_c06,14.951
298.0792,21.685,80.125,30.8653,0.401,0.1427,1495.9823,-17.0148,-9.8218,1.0128,r03_c07,14.443
294.8577,21.685,80.135,30.901,0.414,0.1523,1495.9823,-16.9679,-9.9887,1.1199,r03_c08,13.992
293.1549,21.685,80.145,31.0553,0.369,0.1374,1495.9823,-17.4219,-10.2449,1.2327,r03_c09,13.606
296.454,21.685,80.155,31.2399,0.3865,0.1547,1509.7419,-17.242,-9.9338,1.0652,r03_c10,13.289
297.2497,21.685,80.165,31.444,0.3682,0.1552,1510.2911,-17.217,-9.7975,0.9802,r03_c11,13.046
290.7035,21.685,80.175,31.6516,0.3819,0.1312,1510.2911,-16.8641,-9.4775,1.474,r03_c12,12.881
283.6761,21.685,80.185,31.5554,0.2922,0.1086,1510.2911,-19.5101,-11.9851,2.1815,r03_c13,12.798
291.5662,21.685,80.195,31.1958,0.4052,0.1222,1510.7073,-16.6235,-9.6452,1.2947,r03_c14,12.798
294.7151,21.685,80.205,31.041,0.3853,0.1349,1530.3452,-17.0968,-9.5199,1.0415,r03_c15,12.881
294.9637,21.685,80.215,30.9262,0.3855,0.1549,1530.3452,-17.4583,-9.8422,0.9665,r03_c16,13.046
294.6579,21.685,80.225,30.688,0.3797,0.1419,1530.3452,-17.2699,-9.8217,1.0661,r03_c17,13.289
293.285,21.685,80.235,30.1372,0.3773,0.1644,1530.3452,-17.6338,-10.4398,0.9651,r03_c18,13.606
291.2766,21.685,80.245,29.8743,0.4237,0.1243,1530.3452,-16.3004,-9.2564,1.4128,r03_c19,13.992
289.9991,21.685,80.255,30.022,0.4183,0.1317,1507.9202,-16.7,-9.5623,1.6635,r03_c20,14.443
292.8671,21.685,80.265,30.2213,0.3832,0.1373,1507.7052,-17.0636,-9.8814,1.2907,r03_c21,14.951
293.9565,21.685,80.275,30.3537,0.339,0.1349,1507.7052,-17.2646,-9.793,1.6464,r03_c22,15.511
293.5917,21.685,80.285,30.4172,0.3569,0.1381,1507.7052,-17.2588,-9.9041,1.2974,r03_c23,16.118
291.5111,21.685,80.295,30.4799,0.3677,0.1205,1507.7052,-16.5608,-9.3569,1.6203,r03_c24,16.767
288.2881,21.685,80.305,30.5122,0.3736,0.1136,1527.3668,-17.2445,-10.111,1.5592,r03_c25,17.453
289.3782,21.685,80.315,30.5567,0.3613,0.1127,1528.1895,-17.237,-10.0913,1.7131,r03_c26,18.171
290.0308,21.685,80.325,30.6013,0.3539,0.1177,1528.1895,-17.4528,-10.1565,1.6917,r03_c27,18.919
293.1008,21.685,80.335,30.5342,0.3626,0.1269,1528.1895,-17.0925,-9.846,1.6193,r03_c28,19.693
300.4494,21.685,80.345,30.3667,0.3401,0.1307,1528.8982,-16.8795,-9.6127,1.2832,r03_c29,20.489
300.0911,21.695,80.055,30.5338,0.4047,0.1299,1473.0125,-16.9795,-9.9459,1.3174,r04_c00,18.186
301.8639,21.695,80.065,30.5009,0.3849,0.1344,1473.0126,-16.9053,-9.8315,1.1751,r04_c01,17.407
301.5421,21.695,80.075,30.6515,0.3635,0.1311,1473.0126,-17.372,-10.4492,1.2124,r04_c02,16.655
296.979,21.695,80.085,30.7713,0.3552,0.1374,1473.0126,-17.8283,-10.643,1.1575,r04_c03,15.935
301.1597,21.695,80.095,30.8646,0.3621,0.1358,1473.0126,-17.4839,-10.2587,1.4945,r04_c04,15.251
305.7071,21.695,80.105,30.9514,0.3627,0.1319,1496.575,-16.9668,-9.6539,1.1837,r04_c05,14.608
299.8163,21.695,80.115,30.9473,0.3835,0.1492,1496.7587,-17.1934,-10.1739,1.0514,r04_c06,14.011
298.3418,21.695,80.125,30.8554,0.3924,0.1435,1496.7589,-16.8687,-9.7754,1.0537,r04_c07,13.468
298.1887,21.695,80.135,30.9551,0.3833,0.1383,1496.7595,-16.9339,-9.7227,1.3095,r04_c08,12.984
298.8823,21.695,80.145,31.0899,0.3759,0.1383,1496.7595,-16.8676,-9.6442,1.0239,r04_c09,12.567
299.8166,21.695,80.155,31.1738,0.3648,0.1512,1510.0536,-17.239,-10.0428,0.9466,r04_c10,12.222
296.3991,21.695,80.165,31.413,0.3621,0.1562,1510.5839,-17.3243,-9.9113,0.898,r04_c11,11.958
292.4476,21.695,80.175,31.6953,0.3639,0.1291,1510.5838,-17.3218,-9.8757,1.5131,r04_c12,11.778
284.1111,21.695,80.185,31.4421,0.3438,0.1031,1510.5839,-19.2049,-12.077,2.3656,r04_c13,11.687
289.4458,21.695,80.195,31.1233,0.356,0.1126,1510.9989,-17.9901,-10.6361,1.6403,r04_c14,11.687
295.4737,21.695,80.205,30.8833,0.3891,0.1411,1530.5799,-16.9962,-9.5302,1.0484,r04_c15,11.778
295.7792,21.695,80.215,30.5926,0.4099,0.159,1530.5799,-17.4874,-10.0133,0.853,r04_c16,11.958
294.9322,21.695,80.225,30.2435,0.392,0.1469,1530.5799,-17.37,-9.9926,1.0775,r04_c17,12.222
293.7084,21.695,80.235,29.7968,0.3849,0.1646,1530.5801,-17.9452,-10.4522,0.8833,r04_c18,12.567
291.4651,21.695,80.245,29.7801,0.3987,0.1292,1530.5801,-17.1442,-9.7701,1.6958,r04_c19,12.984
289.6486,21.695,80.255,30.1335,0.4184,0.1267,1507.8411,-16.8357,-9.8221,1.738,r04_c20,13.468
294.3636,21.695,80.265,30.3108,0.3761,0.1407,1507.6223,-17.0477,-9.9224,1.4826,r04_c21,14.011
293.8367,21.695,80.275,30.3224,0.4318,0.145,1507.6223,-17.7919,-10.4065,1.4144,r04_c22,14.608
297.4341,21.695,80.285,30.4629,0.3262,0.1303,1507.6223,-17.8581,-10.2443,2.3024,r04_c23,15.251
294.3186,21.695,80.295,30.5911,0.3414,0.1263,1507.6224,-17.3516,-10.1092,2.2751,r04_c24,15.935
293.1533,21.695,80.305,30.5245,0.3838,0.1173,1527.4413,-16.6632,-9.4983,1.5565,r04_c25,16.655
292.2006,21.695,80.315,30.536,0.4089,0.1115,1528.2705,-16.4727,-9.4636,1.9325,r04_c26,17.407
295.8719,21.695,80.325,30.5452,0.367,0.1206,1528.2705,-16.5954,-9.4434,1.5363,r04_c27,18.186
292.1534,21.695,80.335,30.6343,0.3176,0.1083,1528.2705,-18.0224,-10.4579,1.6558,r04_c28,18.989
292.8475,21.695,80.345,30.5802,0.3691,0.1268,1528.9769,-17.4871,-10.4243,1.5937,r04_c29,19.814
301.5485,21.705,80.055,30.4661,0.3823,0.1342,1472.1915,-16.7536,-9.6072,1.0513,r05_c00,17.492
303.7385,21.705,80.065,30.3305,0.3814,0.122,1472.1915,-16.8512,-9.8257,1.2115,r05_c01,16.681
306.8268,21.705,80.075,30.3933,0.4518,0.1169,1472.1915,-16.3564,-9.5261,1.2276,r05_c02,15.895
312.554,21.705,80.085,30.4067,0.4588,0.1282,1472.1915,-16.1303,-9.4028,3.4771,r05_c03,15.139
304.4526,21.705,80.095,30.6855,0.3486,0.1239,1472.1915,-17.5887,-10.7305,1.6935,r05_c04,14.417
305.4818,21.705,80.105,30.9279,0.3543,0.1433,1521.8665,-17.4792,-10.2678,1.0989,r05_c05,13.735
305.3189,21.705,80.115,30.9635,0.366,0.1431,1522.2547,-17.1524,-9.9344,1.0626,r05_c06,13.099
304.7544,21.705,80.125,30.9676,0.3825,0.1356,1522.2547,-16.8786,-9.7078,1.1736,r05_c07,12.516
302.02,21.705,80.135,31.0968,0.3678,0.141,1522.2547,-17.0526,-9.7318,1.1605,r05_c08,11.994
303.9803,21.705,80.145,31.1127,0.3666,0.1362,1522.2547,-17.0328,-9.7752,1.1692,r05_c09,11.541
299.2261,21.705,80.155,31.0801,0.3723,0.1302,1520.2769,-16.6488,-9.2824,1.2099,r05_c10,11.165
294.2723,21.705,80.165,31.1429,0.3578,0.122,1520.1979,-16.9678,-9.526,1.3633,r05_c11,10.874
290.4008,21.705,80.175,30.9913,0.366,0.1146,1520.1979,-17.0772,-9.9528,1.9937,r05_c12,10.677
287.1701,21.705,80.185,30.4921,0.4081,0.1186,1520.1979,-16.6461,-9.6367,1.9027,r05_c13,10.576
289.4175,21.705,80.195,30.2437,0.4205,0.1178,1520.5733,-16.1078,-9.1022,1.433,r05_c14,10.576
294.5211,21.705,80.205,30.1405,0.3928,0.1253,1538.2848,-16.7319,-9.2175,1.0987,r05_c15,10.677
295.692,21.705,80.215,29.9521,0.3975,0.1493,1538.2848,-17.2855,-10.1125,0.9753,r05_c16,10.874
296.901,21.705,80.225,29.8184,0.3744,0.1453,1538.2848,-17.1206,-9.8216,0.9769,r05_c17,11.165
294.155,21.705,80.235,29.6891,0.4057,0.1294,1538.2848,-16.7178,-9.5724,1.1578,r05_c18,11.541
290.7875,21.705,80.245,29.8256,0.4276,0.1215,1538.2848,-16.4768,-9.4335,1.5978,r05_c19,11.994
292.2484,21.705,80.255,30.2463,0.4325,0.1187,1505.2195,-16.3105,-9.2467,1.5051,r05_c20,12.516
296.7301,21.705,80.265,30.4403,0.3441,0.1262,1504.9024,-17.2569,-9.709,1.5745,r05_c21,13.099
296.4931,21.705,80.275,30.5263,0.3618,0.1393,1504.9024,-17.1544,-9.8304,1.4915,r05_c22,13.735
298.2569,21.705,80.285,30.6026,0.351,0.1211,1504.9024,-17.2861,-9.8909,1.4783,r05_c23,14.417
296.624,21.705,80.295,30.5485,0.3546,0.1396,1504.9024,-17.3559,-9.7231,1.4486,r05_c24,15.139
294.4306,21.705,80.305,30.4597,0.4186,0.1198,1529.8822,-16.3914,-9.3051,1.6063,r05_c25,15.895
296.5177,21.705,80.315,30.3616,0.393,0.1218,1530.9282,-16.5464,-9.4029,1.7287,r05_c26,16.681
298.3178,21.705,80.325,30.4638,0.3724,0.1183,1530.9282,-16.7119,-9.5362,1.5425,r05_c27,17.492
299.8984,21.705,80.335,30.5138,0.3644,0.1334,1530.9282,-16.4968,-9.3266,1.5199,r05_c28,18.326
300.1202,21.705,80.345,30.4002,0.3692,0.1238,1531.5607,-16.6396,-9.4302,1.3834,r05_c29,19.179
297.5724,21.715,80.055,30.2919,0.3937,0.1195,1472.1915,-16.433,-9.1892,1.5348,r06_c00,16.844
301.8071,21.715,80.065,30.2568,0.3717,0.1115,1472.1915,-17.1548,-10.113,1.5103,r06_c01,15.999
304.7324,21.715,80.075,30.337,0.414,0.1136,1472.1915,-16.8282,-10.0428,1.3804,r06_c02,15.178
304.4186,21.715,80.085,30.2819,0.3985,0.127,1472.1915,-16.6655,-9.8312,1.2233,r06_c03,14.385
312.8639,21.715,80.095,30.4956,0.3623,0.1194,1472.1915,-16.923,-9.8859,2.0509,r06_c04,13.623
313.3082,21.715,80.105,30.7329,0.3717,0.1198,1521.8664,-17.2762,-10.2949,2.9996,r06_c05,12.899
321.236,21.715,80.115,30.6688,0.404,0.1258,1522.2547,-16.6594,-9.6539,4.4093,r06_c06,12.22
340.3746,21.715,80.125,30.5943,0.4683,0.1238,1522.2547,-16.0719,-9.2807,8.4936,r06_c07,11.593
321.4452,21.715,80.135,30.6253,0.3922,0.1146,1522.2547,-16.754,-9.7737,5.1963,r06_c08,11.027
306.263,21.715,80.145,30.8271,0.374,0.1167,1522.2547,-17.2854,-10.3817,3.0015,r06_c09,10.532
296.417,21.715,80.155,30.8553,0.383,0.1212,1520.277,-17.1507,-10.1073,1.6381,r06_c10,10.119
290.5764,21.715,80.165,30.712,0.4525,0.118,1520.1979,-15.9441,-9.0773,1.4837,r06_c11,9.798
287.3975,21.715,80.175,30.3847,0.363,0.1067,1520.1979,-16.9925,-9.7395,2.2632,r06_c12,9.578
293.3163,21.715,80.185,30.0186,0.4512,0.1188,1520.1979,-15.5283,-8.6847,1.4091,r06_c13,9.466
292.1547,21.715,80.195,29.8443,0.4413,0.1194,1520.5734,-15.8056,-8.978,1.2378,r06_c14,9.466
294.1938,21.715,80.205,29.7271,0.4039,0.132,1538.2848,-16.8027,-9.4604,1.2329,r06_c15,9.578
296.5668,21.715,80.215,29.6809,0.3772,0.16,1538.2848,-17.5244,-10.2832,0.8669,r06_c16,9.798
295.6871,21.715,80.225,29.7038,0.3791,0.1321,1538.2848,-16.9854,-9.692,1.0494,r06_c17,10.119
292.2955,21.715,80.235,29.8134,0.3926,0.1168,1538.2848,-16.616,-9.6875,1.515,r06_c18,10.532
290.3695,21.715,80.245,30.0197,0.4527,0.1084,1538.2848,-15.8196,-9.0481,1.5308,r06_c19,11.027
294.858,21.715,80.255,30.3294,0.3665,0.127,1505.2196,-17.2752,-9.8176,1.1285,r06_c20,11.593
296.7534,21.715,80.265,30.604,0.3463,0.1355,1504.9024,-18.1127,-10.7405,1.5856,r06_c21,12.22
301.7786,21.715,80.275,30.7709,0.3313,0.1329,1504.9024,-17.9455,-10.6296,1.7234,r06_c22,12.899
300.3514,21.715,80.285,30.744,0.3623,0.1318,1504.9024,-17.4772,-10.1867,1.5174,r06_c23,13.623
299.9336,21.715,80.295,30.453,0.3909,0.1264,1504.9024,-16.8557,-9.4905,1.5228,r06_c24,14.385
295.8219,21.715,80.305,30.3615,0.4097,0.1189,1529.8826,-16.5622,-9.4289,1.3826,r06_c25,15.178
297.5943,21.715,80.315,30.3764,0.4032,0.12,1530.9282,-16.6904,-9.5095,1.7866,r06_c26,15.999
296.9433,21.715,80.325,30.3991,0.3973,0.1215,1530.9282,-16.6863,-9.6531,1.6862,r06_c27,16.844
297.2783,21.715,80.335,30.3922,0.3884,0.1124,1530.9282,-16.7763,-9.7598,1.8064,r06_c28,17.708
301.2959,21.715,80.345,30.3628,0.3664,0.1188,1531.562,-16.8937,-9.5982,1.3842,r06_c29,18.589
291.3886,21.725,80.055,30.2283,0.3933,0.1367,1472.1915,-16.7755,-9.6886,1.2624,r07_c00,16.245
296.0847,21.725,80.065,30.0422,0.3881,0.1175,1472.1915,-16.8893,-9.9752,1.3805,r07_c01,15.368
298.1705,21.725,80.075,30.0473,0.3905,0.1093,1472.1915,-16.6016,-9.6575,1.3711,r07_c02,14.512
300.0433,21.725,80.085,30.0897,0.4297,0.1191,1472.1915,-16.3259,-9.5161,1.3569,r07_c03,13.679
303.557,21.725,80.095,30.1641,0.3982,0.1277,1472.1915,-16.5372,-9.7627,1.4537,r07_c04,12.876
308.1787,21.725,80.105,30.29,0.4213,0.1192,1521.8665,-16.4998,-9.7106,1.358,r07_c05,12.108
321.942,21.725,80.115,30.3039,0.4283,0.115,1522.2547,-16.5056,-9.6454,3.9612,r07_c06,11.381
321.4813,21.725,80.125,30.2478,0.4563,0.1158,1522.2547,-16.1607,-9.3327,2.526,r07_c07,10.705
318.2343,21.725,80.135,30.2173,0.4753,0.1228,1522.2547,-15.9693,-9.1626,3.5996,r07_c08,10.09
311.8336,21.725,80.145,30.3168,0.4951,0.1239,1522.2547,-15.7207,-9.0893,2.5682,r07_c09,9.547
303.3688,21.725,80.155,30.4193,0.4474,0.1229,1520.2769,-15.9062,-8.8751,2.1143,r07_c10,9.089
295.5078,21.725,80.165,30.5201,0.4091,0.1149,1520.1979,-16.3037,-9.2328,1.2386,r07_c11,8.73
291.6073,21.725,80.175,30.4439,0.3835,0.1068,1520.1979,-16.5774,-9.424,2.0182,r07_c12,8.482
289.202,21.725,80.185,30.0485,0.435,0.1097,1520.1979,-16.4007,-9.2651,2.195,r07_c13,8.356
295.2612,21.725,80.195,29.6969,0.3901,0.1517,1520.5739,-16.661,-9.6178,1.3349,r07_c14,8.356
295.4327,21.725,80.205,29.4792,0.3883,0.1394,1538.2848,-16.8117,-9.5746,1.0666,r07_c15,8.482
297.1923,21.725,80.215,29.4763,0.3773,0.1607,1538.2848,-17.4074,-10.1556,0.9863,r07_c16,8.73
296.4004,21.725,80.225,29.5754,0.4049,0.1246,1538.2848,-16.5746,-9.3141,1.126,r07_c17,9.089
295.4529,21.725,80.235,29.7167,0.4025,0.1442,1538.2848,-16.8725,-9.7628,1.1628,r07_c18,9.547
290.0255,21.725,80.245,29.9882,0.4457,0.1201,1538.2848,-16.768,-9.8652,1.5766,r07_c19,10.09
294.9203,21.725,80.255,30.5396,0.365,0.1231,1505.2206,-17.2645,-9.7876,1.4001,r07_c20,10.705
297.5723,21.725,80.265,30.7897,0.3487,0.1207,1504.9024,-17.7048,-10.4943,1.3563,r07_c21,11.381
303.652,21.725,80.275,30.9315,0.3258,0.0971,1504.9024,-16.8858,-9.2143,1.6007,r07_c22,12.108
305.8595,21.725,80.285,30.9212,0.3322,0.1254,1504.9024,-17.9107,-10.6166,1.8537,r07_c23,12.876
303.7554,21.725,80.295,30.6954,0.3457,0.1184,1504.9024,-17.3696,-9.9277,1.61,r07_c24,13.679
299.4187,21.725,80.305,30.5464,0.3922,0.1219,1529.883,-16.6131,-9.2057,1.5145,r07_c25,14.512
296.9155,21.725,80.315,30.5146,0.41,0.1185,1530.9282,-16.447,-9.4593,1.5433,r07_c26,15.368
301.3705,21.725,80.325,30.458,0.4019,0.1261,1530.9282,-16.6589,-9.4766,1.3236,r07_c27,16.245
301.99,21.725,80.335,30.3219,0.3978,0.1277,1530.9282,-16.6656,-9.5645,1.4207,r07_c28,17.14
300.4809,21.725,80.345,30.3186,0.3748,0.115,1531.5607,-16.962,-9.6274,1.7438,r07_c29,18.049
292.0905,21.735,80.055,30.6272,0.2952,0.1215,1472.1915,-17.736,-10.0214,1.3333,r08_c00,15.703
294.7543,21.735,80.065,30.1872,0.407,0.1304,1472.1915,-16.6085,-9.7977,1.2058,r08_c01,14.794
297.7007,21.735,80.075,29.971,0.4275,0.1242,1472.1915,-16.5913,-9.786,1.29,r08_c02,13.902
300.3368,21.735,80.085,30.0559,0.4127,0.1271,1472.1915,-16.5449,-9.6376,1.2659,r08_c03,13.031
306.7789,21.735,80.095,30.1423,0.402,0.1167,1472.1915,-16.6786,-9.824,1.5917,r08_c04,12.185
307.993,21.735,80.105,30.1858,0.4028,0.1274,1521.8665,-16.7661,-9.9552,1.1376,r08_c05,11.37
310.5105,21.735,80.115,30.2536,0.3752,0.1257,1522.2547,-17.0863,-9.885,1.3424,r08_c06,10.594
311.9933,21.735,80.125,30.294,0.3801,0.1239,1522.2547,-16.8674,-9.7104,1.3395,r08_c07,9.864
305.6374,21.735,80.135,30.3299,0.3694,0.1105,1522.2547,-17.0665,-10.0254,1.5018,r08_c08,9.192
303.349,21.735,80.145,30.2097,0.4875,0.1234,1522.2547,-15.4191,-8.6334,1.2471,r08_c09,8.593
300.7433,21.735,80.155,30.2411,0.3773,0.1194,1520.2769,-16.7329,-9.6339,1.3197,r08_c10,8.081
299.6418,21.735,80.165,30.5663,0.3275,0.1299,1520.1979,-17.607,-10.299,1.4766,r08_c11,7.675
297.0177,21.735,80.175,30.6442,0.3923,0.1218,1520.1979,-16.2341,-9.085,1.6523,r08_c12,7.392
287.6851,21.735,80.185,30.2785,0.3873,0.0982,1520.1979,-16.7839,-9.5384,2.3368,r08_c13,7.246
293.9193,21.735,80.195,29.7994,0.3916,0.1447,1520.5733,-17.086,-9.9517,1.4033,r08_c14,7.246
297.5903,21.735,80.205,29.3874,0.371,0.1723,1538.2848,-17.3725,-10.124,1.0338,r08_c15,7.392
297.7779,21.735,80.215,29.3589,0.3474,0.1649,1538.2848,-17.6114,-10.3341,0.7576,r08_c16,7.675
297.4701,21.735,80.225,29.5091,0.3802,0.1492,1538.2848,-17.2354,-10.0099,1.0867,r08_c17,8.081
295.5463,21.735,80.235,29.7583,0.4197,0.1277,1538.2848,-16.5981,-9.1972,1.2413,r08_c18,8.593
291.5407,21.735,80.245,30.0433,0.4309,0.1163,1538.2848,-16.6602,-9.7388,1.5079,r08_c19,9.192
292.7663,21.735,80.255,30.5099,0.3979,0.1184,1505.2195,-17.0475,-9.9,1.5473,r08_c20,9.864
294.7638,21.735,80.265,30.7771,0.3565,0.1187,1504.9024,-17.2611,-9.9436,1.082,r08_c21,10.594
297.159,21.735,80.275,30.81,0.3444,0.1296,1504.9024,-17.4409,-10.1985,1.1329,r08_c22,11.37
300.9534,21.735,80.285,30.752,0.3518,0.1313,1504.9024,-17.6195,-10.5371,1.6222,r08_c23,12.185
305.824,21.735,80.295,30.731,0.3525,0.1226,1504.9024,-17.9973,-10.7975,2.0136,r08_c24,13.031
303.9569,21.735,80.305,30.6761,0.3706,0.1298,1529.883,-17.219,-10.0465,1.6148,r08_c25,13.902
302.3006,21.735,80.315,30.5963,0.3625,0.1263,1530.9282,-17.0904,-9.7989,1.5051,r08_c26,14.794
301.8756,21.735,80.325,30.5867,0.3927,0.1111,1530.9282,-16.6999,-9.4385,1.6721,r08_c27,15.703
304.3067,21.735,80.335,30.4242,0.3958,0.1339,1530.9282,-16.9989,-9.6293,1.176,r08_c28,16.627
304.8921,21.735,80.345,30.2139,0.4,0.1149,1531.5607,-16.572,-9.1524,1.5087,r08_c29,17.562
294.0701,21.745,80.055,30.9325,0.2958,0.1103,1472.1915,-18.0887,-10.3151,1.6,r09_c00,15.223
296.3116,21.745,80.065,30.5394,0.3764,0.1276,1472.1915,-16.6323,-9.483,1.2586,r09_c01,14.283
300.9969,21.745,80.075,30.1683,0.3804,0.1143,1472.1915,-16.6302,-9.4675,1.6327,r09_c02,13.357
302.6353,21.745,80.085,30.1661,0.4017,0.1222,1472.1915,-16.5967,-9.6689,1.4586,r09_c03,12.448
302.8134,21.745,80.095,30.1126,0.4017,0.1158,1472.1915,-16.5234,-9.7374,1.4914,r09_c04,11.56
308.0627,21.745,80.105,30.1411,0.4301,0.1123,1521.8665,-16.3851,-9.5526,1.843,r09_c05,10.698
311.0191,21.745,80.115,30.2561,0.3994,0.1235,1522.2547,-16.8924,-9.9316,1.3952,r09_c06,9.868
313.0469,21.745,80.125,30.3578,0.3664,0.1216,1522.2547,-17.117,-10.0266,1.2919,r09_c07,9.08
308.8987,21.745,80.135,30.2254,0.4403,0.1266,1522.2547,-16.28,-9.3864,1.4083,r09_c08,8.346
309.6669,21.745,80.145,30.0507,0.3908,0.121,1522.2547,-16.6419,-9.7517,1.6785,r09_c09,7.681
320.3132,21.745,80.155,30.09,0.5003,0.1302,1520.2769,-15.5219,-8.5175,5.0189,r09_c10,7.104
301.99,21.745,80.165,30.5029,0.3563,0.1196,1520.1979,-17.0744,-10.0827,1.384,r09_c11,6.638
294.1586,21.745,80.175,30.7075,0.3698,0.1142,1520.1979,-16.8504,-9.6523,1.6667,r09_c12,6.309
292.2681,21.745,80.185,30.3703,0.4232,0.1077,1520.1979,-16.6632,-9.7057,1.8933,r09_c13,6.137
297.3147,21.745,80.195,29.8373,0.366,0.134,1520.5733,-17.2537,-9.5524,1.3103,r09_c14,6.137
299.079,21.745,80.205,29.4864,0.3508,0.1704,1538.2848,-17.9268,-10.3158,0.8568,r09_c15,6.309
297.7786,21.745,80.215,29.4632,0.3657,0.1505,1538.2848,-17.2035,-9.8895,1.1047,r09_c16,6.638
297.0557,21.745,80.225,29.5927,0.4126,0.1307,1538.2848,-16.5486,-9.3159,1.0327,r09_c17,7.104
294.7476,21.745,80.235,29.8148,0.4289,0.1242,1538.2848,-16.8164,-9.6486,1.4161,r09_c18,7.681
295.7071,21.745,80.245,30.0722,0.4089,0.1209,1538.2848,-16.7838,-9.6804,1.3615,r09_c19,8.346
295.6467,21.745,80.255,30.3326,0.3937,0.1123,1505.2195,-16.8359,-9.7157,1.3406,r09_c20,9.08
296.3592,21.745,80.265,30.4274,0.3915,0.1062,1504.9024,-16.9769,-9.6328,1.1547,r09_c21,9.868
297.2713,21.745,80.275,30.3517,0.4111,0.1225,1504.9024,-16.9159,-9.8645,1.0271,r09_c22,10.698
301.2643,21.745,80.285,30.3654,0.3691,0.1138,1504.9024,-17.3136,-10.1394,1.7744,r09_c23,11.56
307.0868,21.745,80.295,30.7045,0.3126,0.1132,1504.9024,-18.8448,-11.4254,1.8556,r09_c24,12.448
311.3312,21.745,80.305,30.8608,0.3342,0.1156,1529.8829,-17.2631,-9.9262,1.8134,r09_c25,13.357
306.971,21.745,80.315,30.6516,0.3705,0.1258,1530.9282,-17.1397,-9.8178,1.539,r09_c26,14.283
305.3141,21.745,80.325,30.594,0.3629,0.1242,1530.9282,-17.1299,-9.8112,1.6634,r09_c27,15.223
305.7427,21.745,80.335,30.5224,0.3799,0.1208,1530.9282,-16.9885,-9.6601,1.5427,r09_c28,16.174
308.7499,21.745,80.345,30.2999,0.3783,0.1171,1531.5607,-16.7881,-9.4648,1.4262,r09_c29,17.134
301.2268,21.755,80.055,30.9268,0.2896,0.0927,1440.9932,-16.7785,-8.5443,1.9594,r10_c00,14.811
300.1107,21.755,80.065,30.7443,0.3322,0.1127,1440.9922,-17.0244,-9.4563,1.4735,r10_c01,13.843
299.5916,21.755,80.075,30.3987,0.4041,0.1193,1440.9922,-16.5668,-9.7562,1.3011,r10_c02,12.886
303.6048,21.755,80.085,30.205,0.4148,0.1172,1440.9922,-16.5488,-9.8233,1.4788,r10_c03,11.941
307.048,21.755,80.095,30.0429,0.4465,0.1106,1440.9922,-16.2876,-9.6663,1.3605,r10_c04,11.012
308.2465,21.755,80.105,30.0052,0.4798,0.1071,1482.7893,-16.0502,-9.3876,1.5708,r10_c05,10.103
312.3747,21.755,80.115,30.34,0.4077,0.1142,1483.1147,-17.0472,-10.1783,1.608,r10_c06,9.22
319.0966,21.755,80.125,30.5528,0.3434,0.1096,1483.1147,-17.4937,-10.3445,1.4041,r10_c07,8.372
316.9981,21.755,80.135,30.354,0.4514,0.1135,1483.1147,-15.7454,-8.8244,1.5636,r10_c08,7.569
318.2798,21.755,80.145,30.1007,0.487,0.1127,1483.1147,-15.6783,-8.8054,1.8026,r10_c09,6.829
315.2864,21.755,80.155,30.1683,0.4312,0.1233,1518.0708,-15.9898,-9.0319,3.9875,r10_c10,6.172
301.2759,21.755,80.165,30.5124,0.353,0.1217,1519.4662,-17.2608,-10.2142,1.4131,r10_c11,5.63
291.5497,21.755,80.175,30.7396,0.3271,0.0924,1519.4662,-17.6416,-10.2639,2.3335,r10_c12,5.238
297.7998,21.755,80.185,30.5622,0.3827,0.1311,1519.4662,-17.1442,-10.0109,1.2478,r10_c13,5.03
300.0007,21.755,80.195,30.1159,0.3457,0.1701,1520.1611,-17.2881,-9.9705,1.0764,r10_c14,5.03
300.64,21.755,80.205,29.9357,0.3587,0.1555,1552.9257,-17.6545,-10.3008,0.9563,r10_c15,5.238
299.5677,21.755,80.215,29.9225,0.3641,0.1479,1552.9261,-17.2878,-10.0437,0.9528,r10_c16,5.63
297.9302,21.755,80.225,29.8796,0.4078,0.1369,1552.9261,-16.8504,-9.7719,1.271,r10_c17,6.172
298.5056,21.755,80.235,30.1691,0.3982,0.1343,1552.9257,-17.1898,-9.6923,0.9361,r10_c18,6.829
295.1628,21.755,80.245,30.4922,0.3967,0.1032,1552.9261,-17.4508,-10.3023,1.4788,r10_c19,7.569
299.307,21.755,80.255,30.5246,0.3667,0.1152,1612.091,-17.0367,-9.7424,1.2112,r10_c20,8.372
302.2548,21.755,80.265,30.2204,0.3753,0.1308,1612.6592,-17.2149,-9.9866,1.1515,r10_c21,9.22
300.18,21.755,80.275,29.9152,0.3871,0.1441,1612.6592,-17.2095,-10.1999,0.9959,r10_c22,10.103
301.9553,21.755,80.285,29.896,0.3758,0.1351,1612.6592,-17.2647,-10.1192,1.1118,r10_c23,11.012
303.8647,21.755,80.295,30.2814,0.3626,0.118,1612.6592,-17.3709,-10.2427,1.3949,r10_c24,11.941
309.8846,21.755,80.305,30.5839,0.3471,0.1177,1719.1177,-17.384,-10.095,1.4846,r10_c25,12.886
313.1032,21.755,80.315,30.582,0.3286,0.1158,1723.5702,-17.339,-10.0845,1.5812,r10_c26,13.843
307.8316,21.755,80.325,30.5772,0.389,0.1305,1723.5702,-16.9139,-9.6746,1.7505,r10_c27,14.811
306.5629,21.755,80.335,30.502,0.399,0.1172,1723.5701,-16.631,-9.5375,1.8549,r10_c28,15.787
310.7793,21.755,80.345,30.4128,0.3727,0.1266,1724.7274,-17.2314,-9.8951,1.4627,r10_c29,16.769
308.298,21.765,80.055,30.8827,0.3254,0.0698,1440.9705,-14.8444,-7.5554,1.8178,r11_c00,14.473
304.6834,21.765,80.065,30.8493,0.336,0.113,1440.9705,-17.473,-10.1526,1.5809,r11_c01,13.481
300.5134,21.765,80.075,30.7036,0.3846,0.1203,1440.9705,-16.8995,-10.1101,1.346,r11_c02,12.496
304.2715,21.765,80.085,30.5682,0.3492,0.1127,1440.9705,-17.3488,-10.3324,1.5917,r11_c03,11.519
308.4122,21.765,80.095,30.3816,0.3744,0.119,1440.9705,-17.0177,-10.2052,1.5667,r11_c04,10.553
311.8665,21.765,80.105,30.3045,0.3829,0.1218,1482.762,-16.9767,-9.989,1.4117,r11_c05,9.601
314.6348,21.765,80.115,30.4963,0.3676,0.1144,1483.0874,-17.087,-10.0361,1.5285,r11_c06,8.667
314.54,21.765,80.125,30.6106,0.3864,0.1236,1483.0874,-16.9534,-9.7976,1.3491,r11_c07,7.758
316.0485,21.765,80.135,30.519,0.4001,0.1176,1483.0874,-16.6077,-9.471,1.3362,r11_c08,6.885
309.4677,21.765,80.145,30.4521,0.4198,0.1115,1483.0874,-16.2948,-9.2654,1.3687,r11_c09,6.061
308.0997,21.765,80.155,30.5508,0.3374,0.1108,1518.0691,-17.1502,-9.9615,2.2336,r11_c10,5.311
299.5161,21.765,80.165,30.7193,0.3835,0.1176,1519.4657,-16.6904,-9.5952,1.5757,r11_c11,4.67
292.1065,21.765,80.175,30.7805,0.3316,0.0968,1519.4657,-18.6609,-11.3932,2.4932,r11_c12,4.189
296.8599,21.765,80.185,30.829,0.323,0.1126,1519.4657,-18.1072,-10.4792,2.04,r11_c13,3.926
299.1341,21.765,80.195,30.5888,0.3495,0.1373,1520.1617,-17.4561,-10.2844,1.4446,r11_c14,3.926
301.5253,21.765,80.205,30.1511,0.347,0.1777,1552.9363,-17.8012,-10.4679,0.8758,r11_c15,4.189
300.7935,21.765,80.215,29.9108,0.3802,0.1302,1552.9363,-16.828,-9.4777,1.1608,r11_c16,4.67
299.8499,21.765,80.225,29.854,0.4201,0.1498,1552.9363,-16.9297,-9.7483,1.0574,r11_c17,5.311
300.583,21.765,80.235,30.0301,0.3859,0.1511,1552.9363,-17.4905,-9.9191,1.0734,r11_c18,6.061
298.242,21.765,80.245,30.2518,0.4289,0.128,1552.9363,-16.9394,-9.7491,1.0364,r11_c19,6.885
299.8079,21.765,80.255,30.2499,0.3798,0.1043,1612.1642,-16.8455,-9.6165,1.457,r11_c20,7.758
309.0549,21.765,80.265,30.0975,0.3918,0.1189,1612.7343,-16.8358,-9.9963,2.4704,r11_c21,8.667
304.3073,21.765,80.275,29.7631,0.3104,0.139,1612.7343,-18.7348,-11.7222,1.471,r11_c22,9.601
305.7929,21.765,80.285,29.6359,0.3799,0.1279,1612.7343,-17.2875,-10.0698,1.1124,r11_c23,10.553
305.1284,21.765,80.295,29.8338,0.3874,0.1329,1612.7343,-17.1109,-9.8192,1.1787,r11_c24,11.519
307.9308,21.765,80.305,30.0021,0.3858,0.1308,1719.246,-17.1605,-10.0057,1.4696,r11_c25,12.496
311.8039,21.765,80.315,30.186,0.3778,0.1071,1723.7044,-17.2226,-10.1339,1.7039,r11_c26,13.481
313.906,21.765,80.325,30.4582,0.3623,0.1124,1723.7044,-17.2077,-9.8215,1.6472,r11_c27,14.473
313.6262,21.765,80.335,30.6586,0.3492,0.1162,1723.7044,-17.188,-9.9085,2.0859,r11_c28,15.47
310.4413,21.765,80.345,30.6954,0.3776,0.1214,1724.8635,-17.129,-9.8709,1.903,r11_c29,16.471
302.3723,21.775,80.055,30.8211,0.3551,0.1108,1440.9705,-16.4443,-8.7328,1.7992,r12_c00,14.214
308.7731,21.775,80.065,30.8548,0.324,0.1018,1440.9705,-16.3386,-9.0075,1.9049,r12_c01,13.202
305.0783,21.775,80.075,31.0153,0.3157,0.1207,1440.9705,-17.754,-10.6592,1.5041,r12_c02,12.195
301.2878,21.775,80.085,30.8649,0.3614,0.1163,1440.9705,-17.1605,-10.4066,1.21,r12_c03,11.192
304.5359,21.775,80.095,30.5994,0.3645,0.1272,1440.9705,-17.3086,-10.4431,1.2444,r12_c04,10.195
305.5593,21.775,80.105,30.5406,0.3742,0.1244,1482.7622,-17.1172,-10.3227,1.2223,r12_c05,9.206
307.9724,21.775,80.115,30.5123,0.3873,0.1309,1483.0874,-16.775,-9.9276,1.2824,r12_c06,8.228
312.4907,21.775,80.125,30.5027,0.3716,0.1307,1483.0874,-16.924,-9.7941,1.2857,r12_c07,7.264
311.1151,21.775,80.135,30.6061,0.3542,0.1167,1483.0874,-17.0234,-9.9326,1.4529,r12_c08,6.323
306.0774,21.775,80.145,30.752,0.3337,0.1154,1483.0874,-17.3784,-10.1793,1.5075,r12_c09,5.414
300.7067,21.775,80.155,30.9666,0.4378,0.1084,1518.0695,-16.4053,-9.4261,1.5757,r12_c10,4.559
296.7328,21.775,80.165,31.0895,0.4003,0.1088,1519.4657,-16.6557,-9.637,1.3539,r12_c11,3.794
295.1607,21.775,80.175,31.1716,0.4215,0.119,1519.4657,-16.3333,-9.3505,1.596,r12_c12,3.182
296.5749,21.775,80.185,31.2978,0.3323,0.1141,1519.4657,-17.6579,-10.3821,1.9166,r12_c13,2.827
292.7927,21.775,80.195,31.2101,0.2717,0.1032,1520.1604,-19.4933,-11.6397,2.3364,r12_c14,2.827
302.3896,21.775,80.205,30.556,0.3665,0.1376,1552.9363,-17.0566,-9.4907,1.1601,r12_c15,3.182
301.0331,21.775,80.215,29.9247,0.4152,0.1425,1552.9363,-16.7444,-9.5876,1.0544,r12_c16,3.794
301.4053,21.775,80.225,29.7167,0.4176,0.1389,1552.9363,-16.7455,-9.3863,1.0453,r12_c17,4.559
301.2133,21.775,80.235,29.6464,0.3955,0.1657,1552.9363,-17.3348,-10.0908,1.0221,r12_c18,5.414
298.9131,21.775,80.245,29.756,0.4262,0.1234,1552.9363,-16.7738,-9.6095,0.972,r12_c19,6.323
297.5887,21.775,80.255,29.9302,0.3889,0.1071,1612.1663,-16.7367,-9.6168,1.4614,r12_c20,7.264
300.8217,21.775,80.265,29.8479,0.3763,0.13,1612.7343,-17.3007,-10.1963,1.0524,r12_c21,8.228
323.5968,21.775,80.275,29.4625,0.4897,0.1237,1612.7343,-16.1376,-9.499,8.1875,r12_c22,9.206
378.19,21.775,80.285,29.1613,0.5812,0.1348,1612.7343,-14.3822,-7.8633,13.4734,r12_c23,10.195
322.1706,21.775,80.295,29.2741,0.445,0.1132,1612.7343,-16.5269,-9.4768,4.9091,r12_c24,11.192
311.9603,21.775,80.305,29.549,0.3481,0.1206,1719.2475,-18.2433,-11.2512,2.016,r12_c25,12.195
313.0246,21.775,80.315,29.6579,0.423,0.1158,1723.7044,-16.6356,-9.6253,1.4885,r12_c26,13.202
316.9688,21.775,80.325,29.9334,0.4057,0.1224,1723.7044,-17.0165,-9.9505,1.8646,r12_c27,14.214
321.5304,21.775,80.335,30.1218,0.3949,0.1165,1723.7044,-16.8076,-9.5719,1.7786,r12_c28,15.227
317.7912,21.775,80.345,30.0452,0.4825,0.1285,1724.8632,-15.8418,-8.9079,1.5568,r12_c29,16.244
299.9448,21.785,80.055,30.5221,0.4,0.1165,1440.9705,-16.3407,-9.0536,1.2881,r13_c00,14.038
302.608,21.785,80.065,30.3834,0.3985,0.1224,1440.9705,-16.472,-9.4188,1.4771,r13_c01,13.013
306.0984,21.785,80.075,30.6449,0.3817,0.116,1440.9705,-17.226,-10.615,1.5598,r13_c02,11.99
309.0674,21.785,80.085,30.7204,0.3681,0.1167,1440.9705,-16.8499,-9.9374,1.4948,r13_c03,10.969
306.8233,21.785,80.095,30.5292,0.404,0.1386,1440.9705,-16.9786,-10.138,1.2591,r13_c04,9.949
309.4435,21.785,80.105,30.3543,0.3711,0.1381,1482.7621,-17.0069,-9.7506,1.3307,r13_c05,8.933
311.3043,21.785,80.115,30.3343,0.3977,0.1392,1483.0874,-17.1281,-10.2579,1.2234,r13_c06,7.921
314.8614,21.785,80.125,30.4494,0.3893,0.1217,1483.0874,-17.3553,-10.0186,1.477,r13_c07,6.915
311.3314,21.785,80.135,30.6807,0.3814,0.1235,1483.0874,-16.8918,-9.9813,1.3199,r13_c08,5.919
308.4026,21.785,80.145,30.8794,0.3514,0.1245,1483.0874,-17.5421,-10.4868,1.269,r13_c09,4.936
305.3886,21.785,80.155,31.1338,0.3215,0.1232,1518.0695,-17.227,-9.9518,1.2098,r13_c10,3.98
306.5197,21.785,80.165,31.2818,0.2708,0.1185,1519.4657,-18.0691,-10.421,1.3197,r13_c11,3.073
305.6637,21.785,80.175,31.4369,0.2834,0.1223,1519.4657,-18.04,-10.4891,1.4015,r13_c12,2.276
299.0119,21.785,80.185,31.4659,0.3135,0.1061,1519.4657,-17.3853,-9.8579,1.537,r13_c13,1.746
294.5909,21.785,80.195,31.37,0.2929,0.0982,1520.1604,-18.6595,-11.1275,2.3444,r13_c14,1.746
298.7054,21.785,80.205,30.8976,0.3776,0.1351,1552.9363,-16.9299,-9.689,1.6518,r13_c15,2.276
302.8901,21.785,80.215,30.1992,0.3905,0.1198,1552.9363,-16.3201,-8.8338,0.9218,r13_c16,3.073
302.1102,21.785,80.225,29.7112,0.428,0.1168,1552.9363,-16.547,-9.0166,1.1323,r13_c17,3.98
302.0829,21.785,80.235,29.3082,0.3931,0.1598,1552.9363,-17.2424,-9.8424,0.903,r13_c18,4.936
300.95,21.785,80.245,29.3048,0.4023,0.1387,1552.9363,-17.2568,-9.8822,0.9619,r13_c19,5.919
298.6316,21.785,80.255,29.6065,0.3643,0.1091,1612.1644,-17.0068,-9.0905,1.3988,r13_c20,6.915
299.9005,21.785,80.265,29.6091,0.3808,0.1433,1612.7343,-17.2363,-10.0695,1.1439,r13_c21,7.921
311.4007,21.785,80.275,29.2252,0.4499,0.1238,1612.7343,-16.3941,-9.6363,3.2735,r13_c22,8.933
408.4509,21.785,80.285,28.6035,0.634,0.1193,1612.7343,-15.9225,-9.691,15.5005,r13_c23,9.949
487.9359,21.785,80.295,28.2655,0.6674,0.1358,1612.7343,-12.6943,-6.2651,17.5232,r13_c24,10.969
348.1587,21.785,80.305,28.7317,0.5223,0.1237,1719.2475,-14.4806,-7.6153,8.4097,r13_c25,11.99
324.4483,21.785,80.315,28.9811,0.553,0.1257,1723.7044,-14.933,-8.1203,2.0069,r13_c26,13.013
385.9271,21.785,80.325,28.8315,0.5776,0.131,1723.7044,-15.2465,-8.5681,12.9083,r13_c27,14.038
433.3728,21.785,80.335,28.6753,0.585,0.1358,1723.7044,-13.3499,-6.6198,15.6153,r13_c28,15.064
356.1548,21.785,80.345,28.6452,0.5973,0.128,1724.8632,-13.5117,-6.5424,9.4593,r13_c29,16.09
301.9742,21.795,80.055,30.3417,0.4044,0.1187,1440.9705,-16.1614,-8.9106,1.3598,r14_c00,13.949
303.6145,21.795,80.065,30.1636,0.3968,0.1196,1440.9705,-16.207,-8.8042,1.4524,r14_c01,12.918
308.0939,21.795,80.075,30.1432,0.4097,0.1154,1440.9705,-16.6961,-9.8658,1.3589,r14_c02,11.886
308.586,21.795,80.085,30.106,0.4456,0.1169,1440.9705,-16.8952,-10.0663,1.7741,r14_c03,10.855
318.2113,21.795,80.095,30.2019,0.3766,0.1214,1440.9705,-16.745,-10.1092,3.5437,r14_c04,9.824
315.5697,21.795,80.105,30.3815,0.3913,0.1144,1482.7622,-16.7565,-9.924,1.5975,r14_c05,8.793
315.981,21.795,80.115,30.5899,0.3594,0.1265,1483.0874,-17.5827,-10.5996,1.6543,r14_c06,7.763
321.9216,21.795,80.125,30.8889,0.3092,0.1123,1483.0874,-17.6294,-10.4073,1.8738,r14_c07,6.734
315.5396,21.795,80.135,31.116,0.3248,0.1201,1483.0874,-17.6238,-10.5714,1.8505,r14_c08,5.706
308.2548,21.795,80.145,31.1599,0.3355,0.1195,1483.0874,-17.3808,-10.2084,1.3282,r14_c09,4.679
303.201,21.795,80.155,31.0448,0.3135,0.1166,1518.0695,-17.3013,-10.1908,1.4395,r14_c10,3.656
300.0426,21.795,80.165,30.8055,0.3031,0.1089,1519.4657,-18.0351,-10.4115,2.1204,r14_c11,2.64
299.413,21.795,80.175,30.7914,0.3202,0.1109,1519.4657,-18.0412,-10.503,2.5287,r14_c12,1.645
297.5505,21.795,80.185,30.951,0.2762,0.0795,1519.4657,-17.4188,-9.177,2.4628,r14_c13,0.759
303.1201,21.795,80.195,31.1349,0.3461,0.0984,1520.1604,-17.0323,-9.2179,1.5443,r14_c14,0.759
300.7651,21.795,80.205,31.0821,0.3742,0.0938,1552.9363,-17.082,-9.5616,1.2951,r14_c15,1.645
303.5059,21.795,80.215,30.4306,0.382,0.1107,1552.9363,-16.2972,-8.9933,1.2761,r14_c16,2.64
303.5376,21.795,80.225,29.4711,0.3927,0.1691,1552.9363,-17.4183,-10.0418,1.0248,r14_c17,3.656
302.7853,21.795,80.235,28.9532,0.3795,0.1892,1552.9363,-17.5938,-10.268,0.936,r14_c18,4.679
302.2939,21.795,80.245,28.8673,0.3772,0.1983,1552.9363,-17.8528,-10.5173,0.8832,r14_c19,5.706
300.3323,21.795,80.255,29.0556,0.4009,0.1529,1612.1644,-17.104,-9.8536,1.1089,r14_c20,6.734
299.9855,21.795,80.265,29.2859,0.3973,0.1269,1612.7343,-16.8084,-9.6791,1.4805,r14_c21,7.763
306.4584,21.795,80.275,29.287,0.3787,0.1375,1612.7343,-17.1493,-10.2052,1.2862,r14_c22,8.793
328.3252,21.795,80.285,28.7239,0.5669,0.1068,1612.7343,-15.2266,-8.6198,4.7327,r14_c23,9.824
435.0436,21.795,80.295,28.0037,0.6604,0.1223,1612.7343,-15.2234,-8.8821,15.7557,r14_c24,10.855
423.0912,21.795,80.305,27.7581,0.6468,0.133,1719.2475,-13.2451,-6.6057,18.4426,r14_c25,11.886
471.0512,21.795,80.315,27.7531,0.6453,0.1276,1723.7044,-14.1722,-7.6169,17.1289,r14_c26,12.918
607.2954,21.795,80.325,27.4139,0.6522,0.1083,1723.7044,-15.1767,-8.7555,15.379,r14_c27,13.949
700.6022,21.795,80.335,27.2501,0.6576,0.1273,1723.7044,-14.1265,-7.7462,8.6428,r14_c28,14.981
672.4054,21.795,80.345,27.3703,0.6579,0.1252,1724.8651,-13.3113,-6.853,13.8325,r14_c29,16.013
302.6625,21.805,80.055,30.3086,0.44,0.1427,1493.9262,-16.2283,-9.1778,1.2452,r15_c00,13.949
304.7375,21.805,80.065,29.9635,0.4321,0.1223,1493.9263,-16.3164,-9.1799,1.3946,r15_c01,12.917
310.1379,21.805,80.075,29.7511,0.4484,0.1097,1493.9257,-16.3364,-9.6034,1.3167,r15_c02,11.886
312.6928,21.805,80.085,29.644,0.5397,0.1059,1493.9262,-15.6803,-9.0845,1.1404,r15_c03,10.855
313.6228,21.805,80.095,29.8218,0.4555,0.1178,1493.9279,-16.3021,-9.7165,1.2529,r15_c04,9.824
322.7342,21.805,80.105,30.4369,0.3002,0.1075,1508.2186,-17.7732,-10.6359,2.2349,r15_c05,8.793
326.6749,21.805,80.115,31.0295,0.3032,0.1071,1508.3288,-17.7632,-10.5468,2.413,r15_c06,7.763
335.0157,21.805,80.125,31.3022,0.389,0.1316,1508.3277,-16.9471,-10.0816,4.6548,r15_c07,6.734
321.0315,21.805,80.135,31.3762,0.3493,0.1265,1508.328,-16.9536,-10.0114,2.1873,r15_c08,5.705
310.3894,21.805,80.145,31.3802,0.3272,0.1046,1508.328,-16.9104,-9.2883,1.3531,r15_c09,4.679
300.4936,21.805,80.155,30.9854,0.3075,0.0971,1539.6273,-16.741,-8.6287,1.9066,r15_c10,3.656
304.2195,21.805,80.165,30.2934,0.406,0.1213,1540.8767,-16.1575,-9.0539,2.3655,r15_c11,2.64
304.8067,21.805,80.175,30.1931,0.4165,0.1109,1540.8776,-15.694,-8.6463,1.626,r15_c12,1.645
307.0877,21.805,80.185,30.6098,0.2927,0.088,1540.878,-16.4673,-7.2808,1.6388,r15_c13,0.759
305.5633,21.805,80.195,30.837,0.2717,0.0616,1541.5606,-15.5285,-5.3167,1.2939,r15_c14,0.759
306.6996,21.805,80.205,30.7024,0.279,0.0678,1573.7735,-15.6486,-7.4322,1.2973,r15_c15,1.645
303.6776,21.805,80.215,30.0089,0.407,0.1335,1573.7733,-16.878,-9.6303,1.0733,r15_c16,2.64
303.6579,21.805,80.225,29.1819,0.3779,0.1769,1573.7735,-17.6413,-10.2608,0.952,r15_c17,3.656
302.4191,21.805,80.235,28.9601,0.3868,0.1476,1573.7735,-17.1338,-9.4839,1.0955,r15_c18,4.679
301.2264,21.805,80.245,29.1308,0.4044,0.1373,1573.7736,-16.9546,-9.642,1.3135,r15_c19,5.705
299.624,21.805,80.255,29.3217,0.4174,0.1265,1583.909,-16.7528,-9.642,1.1326,r15_c20,6.734
301.9937,21.805,80.265,29.4764,0.3944,0.1237,1584.0049,-16.833,-9.8675,1.2665,r15_c21,7.763
306.0492,21.805,80.275,29.5795,0.4116,0.1214,1584.005,-16.6133,-9.7922,1.1604,r15_c22,8.793
316.8641,21.805,80.285,29.2789,0.4602,0.114,1584.0059,-16.2579,-9.292,1.2192,r15_c23,9.824
365.2958,21.805,80.295,28.5215,0.5318,0.1169,1584.0058,-16.239,-9.5865,9.2798,r15_c24,10.855
440.6724,21.805,80.305,27.7477,0.5877,0.1232,1804.557,-15.8247,-9.329,14.5459,r15_c25,11.886
519.6938,21.805,80.315,27.1319,0.6902,0.1217,1813.7889,-14.7962,-8.4606,17.9264,r15_c26,12.917
610.0473,21.805,80.325,26.6994,0.6888,0.1173,1813.7889,-15.023,-8.6931,17.4885,r15_c27,13.949
699.368,21.805,80.335,26.4175,0.7017,0.1101,1813.7908,-14.4569,-7.948,9.064,r15_c28,14.98
707.0826,21.805,80.345,26.3985,0.7009,0.1111,1811.849,-14.0978,-7.525,7.4845,r15_c29,16.012
305.3872,21.815,80.055,30.4576,0.4169,0.126,1495.641,-16.2804,-9.2006,1.0253,r16_c00,14.037
306.625,21.815,80.065,30.1097,0.4085,0.1241,1495.641,-16.5167,-9.532,1.3669,r16_c01,13.012
312.4027,21.815,80.075,29.7855,0.4313,0.115,1495.641,-16.5081,-9.5529,1.5355,r16_c02,11.989
318.6964,21.815,80.085,29.5462,0.4974,0.0975,1495.641,-15.8704,-9.381,1.4928,r16_c03,10.968
317.6971,21.815,80.095,29.5472,0.4579,0.1134,1495.641,-16.3542,-9.5376,1.3699,r16_c04,9.948
318.9989,21.815,80.105,29.9987,0.3453,0.1232,1509.041,-17.8416,-10.0277,1.5978,r16_c05,8.932
322.2082,21.815,80.115,30.6664,0.2877,0.1178,1509.1453,-18.6303,-11.2534,1.4658,r16_c06,7.92
324.5243,21.815,80.125,30.9412,0.3192,0.112,1509.1453,-17.7144,-10.4766,2.7817,r16_c07,6.915
317.3234,21.815,80.135,31.0486,0.3103,0.1082,1509.1453,-17.6707,-10.2703,1.6531,r16_c08,5.918
312.797,21.815,80.145,31.2264,0.3353,0.1094,1509.1453,-16.8237,-9.1029,1.7034,r16_c09,4.936
305.4522,21.815,80.155,30.8566,0.3998,0.1169,1540.3248,-15.7838,-8.7463,1.9328,r16_c10,3.98
310.3156,21.815,80.165,30.2121,0.4753,0.1134,1541.5702,-16.0709,-9.262,2.526,r16_c11,3.073
315.4746,21.815,80.175,30.2304,0.4128,0.0781,1541.5702,-15.0633,-7.7606,2.1315,r16_c12,2.276
315.9451,21.815,80.185,30.736,0.2554,0.0443,1541.5702,-14.7378,-5.5713,1.4463,r16_c13,1.746
310.5941,21.815,80.195,30.9533,0.2398,0.0474,1542.2526,-14.3942,-5.4169,1.4196,r16_c14,1.746
305.1742,21.815,80.205,30.5099,0.3834,0.1002,1574.4482,-16.2339,-8.609,1.1561,r16_c15,2.276
304.669,21.815,80.215,29.7532,0.4089,0.1511,1574.4482,-17.1069,-9.9515,0.84,r16_c16,3.073
303.6983,21.815,80.225,29.1055,0.4041,0.1613,1574.4482,-17.1047,-9.8802,0.968,r16_c17,3.98
303.1194,21.815,80.235,29.1016,0.392,0.1532,1574.4482,-17.3913,-10.083,0.9283,r16_c18,4.936
300.237,21.815,80.245,29.4666,0.3881,0.1189,1574.4482,-17.1946,-9.8316,1.1078,r16_c19,5.918
300.7281,21.815,80.255,29.6756,0.3937,0.1256,1582.9934,-16.9818,-9.9375,1.2021,r16_c20,6.915
304.9355,21.815,80.265,29.6626,0.3805,0.1415,1583.0756,-17.3049,-9.9911,1.2056,r16_c21,7.92
312.7817,21.815,80.275,29.5903,0.4581,0.1184,1583.0756,-16.2808,-9.4926,3.2535,r16_c22,8.932
317.6481,21.815,80.285,29.4511,0.4675,0.12,1583.0756,-16.1606,-9.2884,2.0784,r16_c23,9.948
350.592,21.815,80.295,28.9277,0.6372,0.1217,1583.0756,-14.7127,-8.1045,7.4923,r16_c24,10.968
374.8888,21.815,80.305,28.3229,0.6391,0.1223,1807.3225,-15.1489,-8.7096,10.1978,r16_c25,11.989
479.9985,21.815,80.315,27.5011,0.6906,0.1256,1816.7059,-15.4334,-9.1983,13.5701,r16_c26,13.012
625.0091,21.815,80.325,26.773,0.7155,0.108,1816.7059,-14.8398,-8.4836,10.6127,r16_c27,14.037
648.3855,21.815,80.335,26.4187,0.7042,0.106,1816.7059,-13.965,-7.2661,4.9585,r16_c28,15.062
668.7049,21.815,80.345,26.3215,0.7106,0.111,1814.667,-14.4569,-7.8629,6.0845,r16_c29,16.089
308.8422,21.825,80.055,30.4456,0.4104,0.1277,1495.641,-16.3686,-8.894,1.3168,r17_c00,14.211
305.8966,21.825,80.065,30.1454,0.4097,0.1293,1495.641,-16.4266,-9.309,1.0601,r17_c01,13.2
306.9243,21.825,80.075,29.8554,0.4022,0.1368,1495.641,-16.5361,-9.2418,1.204,r17_c02,12.193
312.657,21.825,80.085,29.5097,0.4195,0.1258,1495.641,-16.5954,-9.7588,1.7732,r17_c03,11.19
313.7979,21.825,80.095,29.3163,0.422,0.1324,1495.641,-16.432,-9.6861,1.4016,r17_c04,10.194
319.1791,21.825,80.105,29.5605,0.3978,0.1196,1509.0409,-16.9163,-9.8119,1.6644,r17_c05,9.205
324.0687,21.825,80.115,30.1236,0.3194,0.1118,1509.1453,-17.4199,-10.0542,1.9913,r17_c06,8.226
317.5555,21.825,80.125,30.4623,0.3674,0.1211,1509.1453,-17.0858,-10.0713,1.2683,r17_c07,7.263
312.2656,21.825,80.135,30.4586,0.3727,0.1181,1509.1453,-17.0212,-9.8315,1.1821,r17_c08,6.322
308.7965,21.825,80.145,30.7947,0.3668,0.1256,1509.1453,-17.2816,-10.2594,1.4507,r17_c09,5.414
303.8914,21.825,80.155,31.0559,0.3254,0.1039,1540.3264,-17.2103,-10.0296,2.132,r17_c10,4.559
301.5676,21.825,80.165,30.9899,0.3115,0.1041,1541.5702,-18.416,-11.1043,2.6188,r17_c11,3.793
308.9846,21.825,80.175,31.0285,0.3001,0.0691,1541.5702,-16.4878,-8.1678,1.4326,r17_c12,3.182
309.5117,21.825,80.185,31.07,0.2712,0.054,1541.5702,-15.7925,-7.3921,1.2854,r17_c13,2.827
306.8398,21.825,80.195,30.7774,0.3543,0.0767,1542.2528,-16.2579,-8.7145,1.2702,r17_c14,2.827
305.3448,21.825,80.205,30.2587,0.3617,0.0907,1574.4482,-15.9741,-8.7655,1.0544,r17_c15,3.182
304.1109,21.825,80.215,29.8513,0.3741,0.1125,1574.4482,-16.5625,-8.8106,1.0765,r17_c16,3.793
302.8616,21.825,80.225,29.5237,0.4024,0.1288,1574.4482,-16.8493,-9.6448,1.1127,r17_c17,4.559
301.733,21.825,80.235,29.3977,0.4278,0.1256,1574.4482,-16.4947,-9.4077,0.9784,r17_c18,5.414
301.4838,21.825,80.245,29.5351,0.3923,0.109,1574.4482,-16.5758,-9.2812,1.1898,r17_c19,6.322
302.9252,21.825,80.255,29.745,0.3638,0.1479,1582.9937,-17.2644,-10.0756,0.9538,r17_c20,7.263
306.5514,21.825,80.265,29.8045,0.3838,0.1142,1583.0756,-16.6941,-9.7417,1.8695,r17_c21,8.226
320.7966,21.825,80.275,29.6776,0.5617,0.1135,1583.0756,-15.2448,-8.5422,3.7667,r17_c22,9.205
313.8648,21.825,80.285,29.6209,0.4255,0.1255,1583.0756,-16.3145,-9.1251,1.6574,r17_c23,10.194
319.1499,21.825,80.295,29.4523,0.443,0.1135,1583.0756,-16.1945,-9.2934,2.2097,r17_c24,11.19
326.3259,21.825,80.305,29.1018,0.4259,0.1212,1807.3193,-16.3671,-9.5504,2.3267,r17_c25,12.193
405.976,21.825,80.315,28.1324,0.6458,0.1293,1816.7059,-15.7158,-9.2416,12.1347,r17_c26,13.2
560.0743,21.825,80.325,27.076,0.7015,0.1198,1816.7059,-15.1843,-8.689,10.5232,r17_c27,14.211
628.0538,21.825,80.335,26.6138,0.7061,0.1045,1816.7059,-14.3713,-7.7133,3.7754,r17_c28,15.225
647.2573,21.825,80.345,26.6458,0.7131,0.1095,1814.6697,-14.1048,-7.4532,6.6781,r17_c29,16.241
312.13,21.835,80.055,30.4056,0.4226,0.1181,1495.641,-16.5495,-9.5541,1.3399,r18_c00,14.469
311.6368,21.835,80.065,30.1194,0.4265,0.1327,1495.641,-16.4126,-9.3296,1.3474,r18_c01,13.478
310.1392,21.835,80.075,29.837,0.4383,0.1327,1495.641,-16.1904,-9.1286,1.3213,r18_c02,12.493
312.9155,21.835,80.085,29.5095,0.4474,0.1298,1495.641,-16.3598,-9.3146,1.6183,r18_c03,11.517
313.8195,21.835,80.095,29.3866,0.4205,0.1256,1495.641,-16.6259,-9.8228,1.2843,r18_c04,10.551
322.6243,21.835,80.105,29.6435,0.5255,0.1164,1509.041,-16.0944,-9.395,1.6181,r18_c05,9.599
323.3933,21.835,80.115,30.0515,0.3469,0.1167,1509.1453,-18.0633,-10.8313,1.7337,r18_c06,8.665
318.7432,21.835,80.125,30.1622,0.3918,0.1232,1509.1453,-17.1283,-9.9276,1.532,r18_c07,7.757
313.619,21.835,80.135,30.0307,0.4374,0.1281,1509.1453,-16.3936,-9.3843,1.2015,r18_c08,6.883
311.6361,21.835,80.145,30.4567,0.3509,0.1169,1509.1453,-17.3445,-10.0689,1.5596,r18_c09,6.06
310.3092,21.835,80.155,30.8433,0.2956,0.1105,1540.3258,-17.509,-9.4567,1.623,r18_c10,5.31
302.1572,21.835,80.165,31.1785,0.3051,0.0987,1541.5702,-18.6471,-10.9311,1.7354,r18_c11,4.67
301.9631,21.835,80.175,31.0052,0.352,0.1152,1541.5702,-18.2434,-10.9597,1.7683,r18_c12,4.189
307.838,21.835,80.185,30.5753,0.3468,0.1028,1541.5702,-16.9379,-9.3399,1.0001,r18_c13,3.926
306.5192,21.835,80.195,30.1408,0.3986,0.1245,1542.2526,-17.0859,-9.9729,0.9269,r18_c14,3.926
306.1688,21.835,80.205,29.6642,0.4108,0.1503,1574.4482,-16.985,-9.7188,0.9142,r18_c15,4.189
304.3763,21.835,80.215,29.467,0.4154,0.1204,1574.4482,-16.3198,-9.2747,1.1797,r18_c16,4.67
308.6725,21.835,80.225,29.5865,0.3486,0.1138,1574.4482,-16.2701,-9.079,2.7748,r18_c17,5.31
304.388,21.835,80.235,29.7118,0.3571,0.1395,1574.4482,-17.2458,-9.9816,0.9937,r18_c18,6.06
303.5339,21.835,80.245,29.7236,0.3792,0.109,1574.4482,-16.7489,-9.575,1.188,r18_c19,6.883
304.3904,21.835,80.255,29.8347,0.3881,0.1339,1582.9937,-17.1056,-10.1826,0.9241,r18_c20,7.757
305.5615,21.835,80.265,29.862,0.4054,0.1212,1583.0756,-16.4194,-9.5089,1.2478,r18_c21,8.665
308.7594,21.835,80.275,29.9286,0.3928,0.1218,1583.0756,-16.6798,-9.7615,1.2331,r18_c22,9.599
317.0041,21.835,80.285,29.8844,0.4009,0.122,1583.0756,-16.8033,-9.7256,2.6495,r18_c23,10.551
325.3141,21.835,80.295,29.5349,0.4679,0.1167,1583.0756,-16.1904,-9.2059,3.7488,r18_c24,11.517
382.0795,21.835,80.305,28.8912,0.6058,0.1208,1807.3225,-15.1931,-8.6097,11.5266,r18_c25,12.493
436.418,21.835,80.315,27.9644,0.6715,0.1262,1816.7059,-15.1955,-8.7262,15.4581,r18_c26,13.478
577.3317,21.835,80.325,27.097,0.7142,0.1089,1816.7059,-14.7747,-8.2426,8.5903,r18_c27,14.469
606.6804,21.835,80.335,26.6894,0.7058,0.098,1816.7059,-14.1754,-7.5341,3.5372,r18_c28,15.466
608.1761,21.835,80.345,26.8174,0.6689,0.1053,1814.667,-14.344,-7.5825,4.1759,r18_c29,16.467
316.5065,21.845,80.055,30.3601,0.4456,0.1161,1495.9866,-16.3505,-9.4758,1.3955,r19_c00,14.807
317.4104,21.845,80.065,30.2721,0.3632,0.1185,1495.9862,-17.6996,-10.5136,1.6087,r19_c01,13.84
313.6566,21.845,80.075,30.2908,0.3618,0.1177,1495.9867,-17.2402,-10.0518,1.5195,r19_c02,12.883
317.2546,21.845,80.085,29.9958,0.4822,0.1274,1495.9862,-16.2651,-9.4899,1.5917,r19_c03,11.938
321.3268,21.845,80.095,30.027,0.3931,0.1189,1495.9866,-16.94,-10.2913,1.7965,r19_c04,11.009
322.7933,21.845,80.105,30.3398,0.4299,0.1235,1509.4937,-16.631,-9.9813,1.4545,r19_c05,10.101
323.3818,21.845,80.115,30.3281,0.4089,0.1157,1509.5986,-16.9258,-9.991,1.7639,r19_c06,9.218
317.9027,21.845,80.125,30.0847,0.3882,0.1198,1509.5993,-16.8684,-9.5348,1.7993,r19_c07,8.37
318.9453,21.845,80.135,30.1027,0.3461,0.1212,1509.5986,-17.3808,-9.7926,1.4952,r19_c08,7.568
314.6319,21.845,80.145,30.2146,0.3361,0.1155,1509.5991,-17.1321,-9.5925,1.2748,r19_c09,6.828
310.2351,21.845,80.155,30.2304,0.3974,0.1209,1540.852,-16.7079,-9.6427,1.1248,r19_c10,6.172
301.7711,21.845,80.165,30.2813,0.3467,0.1044,1542.1,-17.8952,-10.8489,2.3516,r19_c11,5.63
306.2187,21.845,80.175,30.0157,0.4212,0.1314,1542.0993,-16.7659,-9.4803,1.3711,r19_c12,5.238
308.1052,21.845,80.185,29.6252,0.4008,0.1379,1542.0994,-16.787,-9.4565,0.9785,r19_c13,5.03
307.5525,21.845,80.195,29.4493,0.379,0.1331,1542.8082,-17.2216,-9.933,0.8481,r19_c14,5.03
307.1822,21.845,80.205,29.1796,0.3955,0.147,1576.2429,-17.2388,-9.9322,0.848,r19_c15,5.238
305.8286,21.845,80.215,29.0781,0.3885,0.1618,1576.2454,-17.09,-9.9252,0.977,r19_c16,5.63
314.553,21.845,80.225,29.3693,0.4101,0.1199,1576.2429,-15.9173,-9.0264,3.3945,r19_c17,6.172
319.0695,21.845,80.235,29.9111,0.3703,0.0751,1576.2449,-14.7966,-7.5051,3.1671,r19_c18,6.828
306.2448,21.845,80.245,30.2622,0.3523,0.1053,1576.2449,-16.8283,-9.8411,1.5535,r19_c19,7.568
306.88,21.845,80.255,30.1882,0.354,0.1405,1584.769,-17.8023,-10.888,1.0067,r19_c20,8.37
308.3743,21.845,80.265,29.8267,0.3877,0.16,1584.8515,-17.1888,-10.1467,1.13,r19_c21,9.218
309.321,21.845,80.275,29.695,0.4339,0.1224,1584.8495,-16.1905,-9.4647,1.3548,r19_c22,10.101
317.008,21.845,80.285,29.4963,0.5309,0.1247,1584.8514,-15.5876,-8.8636,2.2609,r19_c23,11.009
327.7992,21.845,80.295,28.9991,0.6248,0.1265,1584.8495,-14.5064,-7.635,3.5453,r19_c24,11.938
411.9885,21.845,80.305,28.3025,0.6373,0.1121,1805.6757,-16.1119,-9.8089,14.6453,r19_c25,12.883
524.8927,21.845,80.315,27.5929,0.6894,0.1168,1814.9159,-14.5411,-8.2726,14.4459,r19_c26,13.84
579.9947,21.845,80.325,27.1043,0.707,0.1189,1814.9179,-14.2234,-7.8088,9.3523,r19_c27,14.807
577.2144,21.845,80.335,26.8711,0.6924,0.1076,1814.9154,-14.3952,-7.7692,8.7208,r19_c28,15.782
595.0818,21.845,80.345,26.9159,0.6868,0.1077,1812.8871,-14.6338,-7.885,5.5381,r19_c29,16.764
323.4793,21.855,80.055,30.6281,0.4284,0.1235,1508.0684,-16.4606,-9.2494,1.528,r20_c00,15.218
322.0379,21.855,80.065,30.7334,0.3737,0.1152,1508.0684,-16.7282,-9.3867,1.5027,r20_c01,14.279
319.2223,21.855,80.075,30.8968,0.3363,0.1164,1508.0684,-18.1046,-10.8375,1.6055,r20_c02,13.353
318.7069,21.855,80.085,30.7734,0.3694,0.117,1508.0684,-17.5457,-10.4055,1.5353,r20_c03,12.445
322.6422,21.855,80.095,30.7335,0.3015,0.114,1508.0684,-18.4103,-11.4466,1.6764,r20_c04,11.557
320.7597,21.855,80.105,30.8527,0.3451,0.1181,1525.33,-17.3183,-10.6541,1.731,r20_c05,10.695
318.5378,21.855,80.115,30.5516,0.3635,0.1142,1525.4644,-17.4545,-10.4676,1.8244,r20_c06,9.866
313.3734,21.855,80.125,30.2274,0.4362,0.1108,1525.4644,-16.573,-9.7201,2.0132,r20_c07,9.079
317.0647,21.855,80.135,30.1674,0.3715,0.1245,1525.4644,-17.4154,-10.2803,1.5141,r20_c08,8.345
313.6605,21.855,80.145,30.1293,0.3946,0.1242,1525.4644,-17.0583,-10.0604,1.2833,r20_c09,7.68
309.3574,21.855,80.155,29.958,0.3886,0.1123,1559.2643,-16.7322,-9.6804,1.3787,r20_c10,7.103
301.9662,21.855,80.165,29.8048,0.4576,0.1233,1560.6137,-15.7498,-8.6431,1.6926,r20_c11,6.638
300.141,21.855,80.175,29.6307,0.4065,0.106,1560.6137,-17.155,-9.7938,2.2164,r20_c12,6.309
307.3148,21.855,80.185,29.4723,0.4028,0.1236,1560.6137,-16.6028,-9.2765,1.298,r20_c13,6.137
308.2072,21.855,80.195,29.3001,0.3756,0.1419,1562.2422,-17.3454,-9.8871,0.8477,r20_c14,6.137
307.5593,21.855,80.205,29.1622,0.3918,0.1544,1639.0509,-17.1848,-9.8301,0.9622,r20_c15,6.309
306.409,21.855,80.215,29.3059,0.4058,0.1218,1639.0509,-16.6487,-9.4153,1.1296,r20_c16,6.638
310.113,21.855,80.225,29.6777,0.3444,0.1176,1639.0509,-16.7084,-9.3647,2.5815,r20_c17,7.103
356.9446,21.855,80.235,30.0688,0.4679,0.1192,1639.0509,-15.209,-8.3147,9.5737,r20_c18,7.68
310.9928,21.855,80.245,30.3552,0.299,0.0964,1639.0509,-18.284,-10.9597,1.3556,r20_c19,8.345
309.3775,21.855,80.255,30.2991,0.3593,0.1105,1646.855,-17.0818,-9.9159,1.2744,r20_c20,9.079
311.2353,21.855,80.265,29.899,0.4069,0.1135,1646.9301,-17.0714,-10.2803,1.4156,r20_c21,9.866
311.1861,21.855,80.275,29.6049,0.4568,0.1048,1646.9301,-15.8629,-9.1533,1.7144,r20_c22,10.695
313.989,21.855,80.285,29.4471,0.5235,0.1246,1646.9301,-15.42,-8.887,1.7849,r20_c23,11.557
318.6336,21.855,80.295,29.2774,0.5315,0.1191,1646.9301,-15.3669,-8.7145,1.7358,r20_c24,12.445
323.061,21.855,80.305,28.9817,0.4528,0.1249,1748.1093,-16.2664,-9.6029,2.5397,r20_c25,13.353
358.3034,21.855,80.315,28.4588,0.5503,0.1238,1752.3444,-16.3861,-9.9523,9.1219,r20_c26,14.279
418.8114,21.855,80.325,27.694,0.6747,0.1128,1752.3444,-14.6924,-8.2144,17.8278,r20_c27,15.218
514.8358,21.855,80.335,27.1511,0.6691,0.138,1752.3444,-14.9949,-8.3386,15.9237,r20_c28,16.169
587.6312,21.855,80.345,27.1354,0.6996,0.1108,1750.6208,-14.5761,-7.7917,5.2185,r20_c29,17.129
327.4134,21.865,80.055,30.8959,0.371,0.1159,1508.0684,-17.0651,-9.8155,1.5303,r21_c00,15.698
327.7512,21.865,80.065,30.924,0.3285,0.1156,1508.0684,-18.2599,-10.8468,1.8509,r21_c01,14.789
323.6963,21.865,80.075,30.8811,0.2954,0.1181,1508.0684,-19.0101,-11.3697,1.9032,r21_c02,13.898
320.9992,21.865,80.085,30.5518,0.3874,0.1204,1508.0684,-17.2399,-10.2415,1.1531,r21_c03,13.027
318.0817,21.865,80.095,30.5052,0.3625,0.115,1508.0684,-17.3612,-10.4219,1.2925,r21_c04,12.182
313.9095,21.865,80.105,30.5747,0.3395,0.1107,1525.33,-17.5095,-10.6292,1.4884,r21_c05,11.367
310.3169,21.865,80.115,30.4264,0.4066,0.1199,1525.4644,-16.9849,-10.0172,1.455,r21_c06,10.591
308.802,21.865,80.125,30.2535,0.4397,0.111,1525.4644,-16.5291,-9.647,1.4527,r21_c07,9.862
309.5192,21.865,80.135,30.1766,0.3794,0.1108,1525.4644,-17.4465,-10.2809,2.0736,r21_c08,9.191
314.0457,21.865,80.145,29.9984,0.3983,0.1117,1525.4644,-17.1246,-10.1657,2.0635,r21_c09,8.592
311.2031,21.865,80.155,29.7413,0.3788,0.1142,1559.2647,-16.9923,-9.922,1.755,r21_c10,8.08
302.6501,21.865,80.165,29.5726,0.4698,0.1228,1560.6137,-15.8689,-8.5703,1.9236,r21_c11,7.675
302.5993,21.865,80.175,29.6568,0.3913,0.1141,1560.6137,-16.9384,-9.6396,2.1244,r21_c12,7.392
307.9993,21.865,80.185,29.7501,0.3807,0.1313,1560.6137,-17.2151,-9.9089,1.1512,r21_c13,7.246
308.5639,21.865,80.195,29.473,0.3581,0.1644,1562.2417,-17.6546,-10.2766,0.8167,r21_c14,7.246
307.7367,21.865,80.205,29.336,0.3819,0.1311,1639.0509,-17.0388,-9.6721,1.059,r21_c15,7.392
309.6157,21.865,80.215,29.574,0.3742,0.1201,1639.0509,-16.9587,-9.5699,1.2987,r21_c16,7.675
313.1813,21.865,80.225,29.7816,0.3487,0.1264,1639.0509,-18.2024,-11.194,2.3063,r21_c17,8.08
403.1182,21.865,80.235,29.6984,0.5772,0.1395,1639.0509,-14.8945,-8.2485,17.1231,r21_c18,8.592
326.9643,21.865,80.245,29.7057,0.4386,0.1208,1639.0509,-15.9808,-9.0678,4.3813,r21_c19,9.191
312.7159,21.865,80.255,29.9307,0.3511,0.1122,1646.8553,-17.4822,-10.5215,1.5078,r21_c20,9.862
313.111,21.865,80.265,29.9303,0.3842,0.1114,1646.9301,-17.03,-9.9467,1.1052,r21_c21,10.591
315.102,21.865,80.275,29.5981,0.4166,0.1123,1646.9301,-16.341,-9.4423,1.6494,r21_c22,11.367
316.1807,21.865,80.285,29.4452,0.4774,0.1155,1646.9301,-15.9205,-9.3705,2.0002,r21_c23,12.182
321.0043,21.865,80.295,29.2261,0.5626,0.123,1646.9301,-15.0713,-8.3823,1.4435,r21_c24,13.027
331.1325,21.865,80.305,28.6566,0.6446,0.1145,1748.1106,-14.667,-8.0083,3.6606,r21_c25,13.898
391.0659,21.865,80.315,28.1582,0.6427,0.1322,1752.3444,-15.0122,-8.5403,11.9861,r21_c26,14.789
525.212,21.865,80.325,27.6348,0.6549,0.1453,1752.3444,-14.9422,-8.4296,14.978,r21_c27,15.698
586.3461,21.865,80.335,27.3013,0.6794,0.115,1752.3444,-14.3878,-7.6526,4.1606,r21_c28,16.621
604.9103,21.865,80.345,27.5383,0.6348,0.1116,1750.6214,-14.8779,-8.0477,3.2257,r21_c29,17.556
322.9731,21.875,80.055,30.8648,0.3688,0.1191,1508.0684,-16.7215,-9.4918,1.2544,r22_c00,16.239
323.4667,21.875,80.065,30.4215,0.3872,0.1247,1508.0684,-16.9936,-9.9626,1.5816,r22_c01,15.363
320.7573,21.875,80.075,29.9788,0.4071,0.1264,1508.0684,-16.6769,-9.5433,1.5789,r22_c02,14.507
315.7217,21.875,80.085,29.6818,0.4255,0.1354,1508.0684,-16.3755,-9.4509,1.188,r22_c03,13.675
314.2887,21.875,80.095,29.8973,0.3764,0.132,1508.0684,-17.2387,-10.3233,1.2155,r22_c04,12.872
310.2429,21.875,80.105,30.3562,0.4043,0.115,1525.33,-17.1282,-10.1527,1.5621,r22_c05,12.105
312.9138,21.875,80.115,30.3152,0.3564,0.1224,1525.4644,-17.2705,-9.7176,1.2509,r22_c06,11.379
311.8615,21.875,80.125,30.0269,0.4027,0.1267,1525.4644,-16.7771,-9.5918,1.1978,r22_c07,10.703
308.1647,21.875,80.135,29.7573,0.4083,0.1209,1525.4644,-16.6632,-9.5316,1.3053,r22_c08,10.088
306.472,21.875,80.145,29.3778,0.4453,0.1207,1525.4644,-16.3904,-9.4564,1.2613,r22_c09,9.546
304.6941,21.875,80.155,29.2724,0.4599,0.1139,1559.2647,-16.0002,-9.1636,1.9047,r22_c10,9.088
302.3122,21.875,80.165,29.4375,0.4198,0.1132,1560.6137,-16.9124,-9.9164,1.4831,r22_c11,8.73
300.4823,21.875,80.175,29.6822,0.343,0.1137,1560.6137,-18.8196,-11.4403,2.2285,r22_c12,8.482
305.3449,21.875,80.185,29.7845,0.3924,0.1147,1560.6137,-16.7566,-9.434,1.4829,r22_c13,8.356
309.5789,21.875,80.195,29.5391,0.3693,0.1565,1562.2417,-17.4643,-10.1491,0.8452,r22_c14,8.356
309.1765,21.875,80.205,29.443,0.3726,0.1358,1639.0509,-17.3913,-10.1035,1.0729,r22_c15,8.482
312.0749,21.875,80.215,29.5212,0.3688,0.1268,1639.0509,-17.6534,-10.6138,1.5702,r22_c16,8.73
316.1427,21.875,80.225,29.4309,0.3992,0.1128,1639.0509,-17.2271,-10.5201,1.6718,r22_c17,9.088
377.9274,21.875,80.235,28.991,0.5609,0.1214,1639.0509,-16.0389,-9.5534,10.4199,r22_c18,9.546
383.5925,21.875,80.245,28.7844,0.6414,0.1306,1639.0509,-13.2783,-6.5128,13.3972,r22_c19,10.088
323.2737,21.875,80.255,29.0537,0.4784,0.1347,1646.8553,-15.9799,-9.1844,2.0277,r22_c20,10.703
319.4578,21.875,80.265,29.2669,0.3905,0.1228,1646.9301,-17.3642,-10.4494,1.3134,r22_c21,11.379
318.9027,21.875,80.275,29.067,0.4169,0.1221,1646.9301,-16.9103,-10.1373,1.5513,r22_c22,12.105
319.7197,21.875,80.285,28.8448,0.4898,0.1147,1646.9301,-15.699,-9.0191,2.3943,r22_c23,12.872
327.0753,21.875,80.295,28.5834,0.5316,0.1439,1646.9301,-15.3396,-8.6137,2.2345,r22_c24,13.675
392.5812,21.875,80.305,28.0457,0.6456,0.1374,1748.1106,-15.3098,-8.8352,11.3256,r22_c25,14.507
528.266,21.875,80.315,27.5092,0.6641,0.1487,1752.3444,-14.891,-8.5369,9.1157,r22_c26,15.363
584.1909,21.875,80.325,27.1907,0.671,0.1158,1752.3444,-14.4274,-7.8266,6.8536,r22_c27,16.239
596.2994,21.875,80.335,27.1906,0.6787,0.0896,1752.3444,-14.3345,-7.6343,3.3176,r22_c28,17.133
595.2389,21.875,80.345,27.6466,0.4236,0.1187,1750.6185,-16.1652,-9.379,3.1113,r22_c29,18.042
320.674,21.885,80.055,30.8122,0.3813,0.1275,1508.0684,-16.9167,-9.4435,1.2727,r23_c00,16.837
317.5465,21.885,80.065,30.0388,0.4189,0.1465,1508.0684,-16.6072,-9.6886,1.0679,r23_c01,15.993
315.6974,21.885,80.075,29.5959,0.4412,0.134,1508.0684,-16.265,-9.3469,1.047,r23_c02,15.173
314.1779,21.885,80.085,29.6628,0.3996,0.1291,1508.0684,-16.6882,-9.5995,1.1234,r23_c03,14.38
312.8286,21.885,80.095,29.9973,0.3996,0.1195,1508.0684,-16.8744,-9.8082,1.3511,r23_c04,13.619
315.5295,21.885,80.105,30.1698,0.3975,0.1393,1525.33,-17.0804,-9.8677,1.0911,r23_c05,12.896
316.2768,21.885,80.115,30.0047,0.3836,0.1413,1525.4644,-17.157,-9.7797,0.9828,r23_c06,12.217
314.8392,21.885,80.125,29.5782,0.4405,0.1282,1525.4644,-16.7478,-9.7037,1.1381,r23_c07,11.591
311.6971,21.885,80.135,29.2293,0.4263,0.1375,1525.4644,-16.7006,-9.735,1.1183,r23_c08,11.025
310.3671,21.885,80.145,29.046,0.4184,0.1349,1525.4644,-16.7786,-9.5404,1.0926,r23_c09,10.531
306.7915,21.885,80.155,29.0946,0.4425,0.1197,1559.2647,-16.2198,-9.2782,1.2418,r23_c10,10.118
304.8958,21.885,80.165,29.2808,0.4292,0.1252,1560.6137,-16.5854,-9.5477,1.2862,r23_c11,9.797
301.5395,21.885,80.175,29.5674,0.3367,0.1026,1560.6137,-18.8251,-11.1497,2.5566,r23_c12,9.578
308.9884,21.885,80.185,29.7804,0.3791,0.1174,1560.6137,-17.0747,-9.5389,1.2621,r23_c13,9.466
310.2518,21.885,80.195,29.6899,0.3571,0.1542,1562.2417,-17.809,-10.2206,0.8968,r23_c14,9.466
312.0907,21.885,80.205,29.5024,0.3728,0.1394,1639.0509,-17.407,-10.2021,1.2429,r23_c15,9.578
316.9066,21.885,80.215,29.3727,0.4047,0.1185,1639.0509,-16.7552,-9.963,1.459,r23_c16,9.797
340.2407,21.885,80.225,28.9638,0.6031,0.1245,1639.0509,-14.8157,-8.2505,5.5662,r23_c17,10.118
378.5003,21.885,80.235,28.3947,0.633,0.1553,1639.0509,-14.3956,-7.8508,12.1244,r23_c18,10.531
397.8112,21.885,80.245,28.1914,0.6467,0.1492,1639.0509,-14.0465,-7.5491,15.2942,r23_c19,11.025
361.153,21.885,80.255,28.3899,0.652,0.1467,1646.8551,-13.8736,-7.16,7.8078,r23_c20,11.591
332.182,21.885,80.265,28.5587,0.5921,0.1296,1646.9301,-14.9687,-8.13,1.6469,r23_c21,12.217
327.737,21.885,80.275,28.4946,0.4175,0.1275,1646.9301,-17.1961,-10.4071,1.9887,r23_c22,12.896
323.5727,21.885,80.285,28.2406,0.116,0.1888,1646.9301,-22.7525,-16.4528,1.0494,r23_c23,13.619
374.6657,21.885,80.295,27.7006,0.5091,0.1631,1646.9301,-17.2813,-10.9516,10.8425,r23_c24,14.38
506.0495,21.885,80.305,27.3333,0.6679,0.1452,1748.1106,-15.2709,-9.0618,16.0582,r23_c25,15.173
588.4075,21.885,80.315,27.1415,0.6815,0.1267,1752.3444,-14.6218,-8.1895,9.8178,r23_c26,15.993
603.8606,21.885,80.325,27.0146,0.6818,0.096,1752.3444,-13.8568,-7.1778,5.1125,r23_c27,16.837
608.8135,21.885,80.335,27.0005,0.6919,0.0983,1752.3444,-14.2052,-7.4804,3.7688,r23_c28,17.7
592.2624,21.885,80.345,27.2953,0.5548,0.1074,1750.6214,-14.928,-8.2655,4.7678,r23_c29,18.581
324.0556,21.895,80.055,30.6229,0.3415,0.1245,1508.0684,-16.9569,-9.0279,1.01,r24_c00,17.485
321.2199,21.895,80.065,30.2178,0.3855,0.1483,1508.0684,-16.8625,-9.3169,0.9818,r24_c01,16.674
317.7682,21.895,80.075,29.8191,0.3928,0.1324,1508.0684,-16.5835,-9.4667,1.0772,r24_c02,15.889
317.0659,21.895,80.085,29.83,0.4025,0.1423,1508.0684,-16.6285,-9.4003,0.9005,r24_c03,15.134
315.2887,21.895,80.095,29.999,0.4019,0.1412,1508.0684,-16.9804,-9.7767,0.9877,r24_c04,14.413
316.5257,21.895,80.105,29.8492,0.3842,0.1603,1525.33,-17.4511,-10.148,0.9205,r24_c05,13.731
316.4983,21.895,80.115,29.4252,0.4114,0.1645,1525.4644,-17.3606,-10.0926,1.1798,r24_c06,13.096
315.1719,21.895,80.125,28.9645,0.4289,0.1596,1525.4644,-17.3475,-10.2142,1.086,r24_c07,12.514
314.261,21.895,80.135,28.8358,0.4193,0.1488,1525.4644,-17.0082,-9.9442,0.9925,r24_c08,11.992
308.9335,21.895,80.145,29.0804,0.379,0.0977,1525.4644,-16.6807,-9.1536,1.6326,r24_c09,11.539
310.8387,21.895,80.155,29.2826,0.4204,0.1245,1559.2643,-16.5415,-9.4373,1.2576,r24_c10,11.164
306.4526,21.895,80.165,29.277,0.4004,0.1383,1560.6137,-17.1409,-9.7894,1.1961,r24_c11,10.874
301.7719,21.895,80.175,29.4538,0.3511,0.1009,1560.6137,-18.2513,-10.7222,2.3579,r24_c12,10.676
314.2398,21.895,80.185,29.7758,0.3616,0.1132,1560.6137,-17.4917,-10.183,2.1151,r24_c13,10.576
314.7707,21.895,80.195,29.7296,0.3706,0.1346,1562.2422,-17.3401,-10.1606,1.9537,r24_c14,10.576
315.618,21.895,80.205,29.5521,0.3892,0.1207,1639.0509,-17.1914,-10.3988,1.5642,r24_c15,10.676
324.1691,21.895,80.215,29.4274,0.3519,0.0988,1639.0509,-17.4573,-10.4704,1.8149,r24_c16,10.874
335.3504,21.895,80.225,28.8775,0.589,0.1072,1639.0509,-14.8341,-8.1136,1.5729,r24_c17,11.164
383.9031,21.895,80.235,28.115,0.6465,0.1324,1639.0509,-15.345,-8.8239,9.2844,r24_c18,11.539
507.7402,21.895,80.245,27.8407,0.6484,0.1579,1639.0509,-14.4051,-7.992,21.9754,r24_c19,11.992
467.6096,21.895,80.255,27.9293,0.6197,0.1713,1646.8553,-13.0858,-6.4932,18.3977,r24_c20,12.514
370.6835,21.895,80.265,28.0573,0.6469,0.1455,1646.9301,-13.8019,-7.0473,9.0729,r24_c21,13.096
348.6662,21.895,80.275,27.988,0.5945,0.1199,1646.9301,-14.8018,-8.1298,4.6376,r24_c22,13.731
343.3356,21.895,80.285,27.7532,0.5449,0.1242,1646.9301,-16.3282,-9.5797,2.4321,r24_c23,14.413
341.4017,21.895,80.295,27.3507,0.6005,0.1098,1646.9301,-15.236,-8.8141,3.7119,r24_c24,15.134
413.5169,21.895,80.305,27.014,0.6553,0.133,1748.1093,-15.3607,-8.9688,16.0597,r24_c25,15.889
569.1698,21.895,80.315,26.8299,0.638,0.1352,1752.3444,-14.9821,-8.4794,14.7448,r24_c26,16.674
619.0356,21.895,80.325,26.7521,0.6781,0.1086,1752.3444,-14.6659,-8.1704,8.2866,r24_c27,17.485
653.2394,21.895,80.335,26.8603,0.6794,0.1191,1752.3444,-13.7592,-7.1335,9.9383,r24_c28,18.318
587.7271,21.895,80.345,26.977,0.6578,0.1017,1750.6209,-13.959,-7.203,4.5899,r24_c29,19.17
325.4664,21.905,80.055,30.6291,0.3579,0.1324,1514.3783,-16.9681,-9.305,1.0197,r25_c00,18.178
321.2303,21.905,80.065,30.4311,0.3606,0.1318,1514.3785,-16.8861,-9.2451,1.014,r25_c01,17.4
320.8164,21.905,80.075,30.1168,0.3764,0.1305,1514.3785,-16.6211,-9.2149,1.0875,r25_c02,16.649
318.7752,21.905,80.085,29.902,0.3943,0.1621,1514.3785,-16.9123,-9.4763,0.9704,r25_c03,15.929
317.5881,21.905,80.095,29.7056,0.4016,0.1516,1514.3785,-17.2279,-9.7298,0.9677,r25_c04,15.246
316.4393,21.905,80.105,29.3655,0.4309,0.1498,1540.3788,-16.9804,-9.7336,1.2114,r25_c05,14.604
311.631,21.905,80.115,29.1017,0.4252,0.113,1540.5815,-16.8214,-9.7188,1.4918,r25_c06,14.008
310.1154,21.905,80.125,28.9058,0.434,0.1074,1540.5815,-16.7672,-9.6034,1.486,r25_c07,13.465
309.8141,21.905,80.135,28.8438,0.457,0.1173,1540.5815,-15.9271,-9.156,1.5328,r25_c08,12.982
305.0338,21.905,80.145,28.9878,0.4456,0.1116,1540.5815,-15.9381,-9.0295,1.5172,r25_c09,12.565
304.8335,21.905,80.155,29.2241,0.395,0.1158,1577.8635,-17.6539,-10.4829,1.9487,r25_c10,12.221
304.4683,21.905,80.165,29.2761,0.3714,0.1131,1579.352,-18.4001,-11.0571,2.2172,r25_c11,11.957
303.6964,21.905,80.175,29.2378,0.4657,0.1148,1579.352,-16.7711,-9.5742,2.1893,r25_c12,11.778
307.713,21.905,80.185,29.2952,0.4926,0.1144,1579.352,-15.9484,-8.8843,1.6854,r25_c13,11.687
319.1834,21.905,80.195,29.2547,0.5337,0.1222,1584.0228,-15.568,-8.6474,2.0513,r25_c14,11.687
326.1988,21.905,80.205,29.1063,0.4906,0.1256,1804.4695,-16.0095,-9.0439,2.0769,r25_c15,11.778
330.7921,21.905,80.215,28.9281,0.4832,0.1139,1804.4693,-16.1262,-9.1696,2.2154,r25_c16,11.957
351.0156,21.905,80.225,28.5074,0.6085,0.1217,1804.4642,-14.8971,-8.0929,4.7482,r25_c17,12.221
365.2794,21.905,80.235,28.0149,0.5987,0.1159,1804.4642,-15.0375,-8.23,4.8146,r25_c18,12.565
407.8681,21.905,80.245,27.6019,0.6612,0.1236,1804.4695,-15.1825,-8.5745,10.5079,r25_c19,12.982
576.5387,21.905,80.255,27.2879,0.6837,0.1436,1770.2304,-15.524,-9.1323,17.239,r25_c20,13.465
551.1611,21.905,80.265,27.2169,0.6624,0.1474,1769.9022,-12.9997,-6.3478,15.2165,r25_c21,14.008
547.1868,21.905,80.275,27.3308,0.6358,0.1612,1769.9022,-13.8369,-7.3085,17.3029,r25_c22,14.604
500.5609,21.905,80.285,27.4186,0.6312,0.1649,1769.9022,-12.4285,-5.8075,17.3216,r25_c23,15.246
493.196,21.905,80.295,27.2699,0.6367,0.1493,1769.9022,-14.8415,-8.4019,18.0075,r25_c24,15.929
563.5876,21.905,80.305,26.8904,0.6973,0.1171,1675.098,-14.0018,-7.4154,13.8426,r25_c25,16.649
545.356,21.905,80.315,26.5524,0.7098,0.1049,1671.129,-14.0329,-7.202,8.0623,r25_c26,17.4
578.2102,21.905,80.325,26.4177,0.7047,0.1053,1671.129,-14.5186,-7.7881,5.5886,r25_c27,18.178
617.3715,21.905,80.335,26.5259,0.6745,0.1046,1671.1291,-14.2604,-7.6378,6.7405,r25_c28,18.981
597.5445,21.905,80.345,26.8319,0.6328,0.1295,1672.2892,-14.3844,-7.6233,7.2598,r25_c29,19.804
327.4663,21.915,80.055,30.4358,0.3422,0.1252,1514.3961,-17.1009,-9.3812,1.0879,r26_c00,18.911
325.1332,21.915,80.065,30.4292,0.3382,0.1253,1514.3961,-17.0274,-9.4745,1.027,r26_c01,18.164
323.0949,21.915,80.075,30.0808,0.3785,0.1468,1514.3961,-16.984,-9.5103,1.0429,r26_c02,17.446
317.9062,21.915,80.085,29.886,0.3888,0.1258,1514.3961,-16.7088,-9.0648,1.1606,r26_c03,16.761
315.0831,21.915,80.095,29.7553,0.4061,0.1097,1514.3961,-16.922,-9.3935,1.472,r26_c04,16.113
312.3022,21.915,80.105,29.4407,0.4251,0.1098,1540.4203,-16.8385,-9.9593,1.3109,r26_c05,15.507
312.8601,21.915,80.115,29.1586,0.4122,0.1189,1540.6237,-17.3055,-10.1005,1.3742,r26_c06,14.947
312.2473,21.915,80.125,28.9205,0.4499,0.1318,1540.6237,-16.7725,-9.783,1.3407,r26_c07,14.44
309.394,21.915,80.135,28.7927,0.4941,0.1204,1540.6237,-15.7055,-9.0823,1.4227,r26_c08,13.991
306.3987,21.915,80.145,28.8799,0.4373,0.1184,1540.6237,-16.6973,-9.7143,1.8392,r26_c09,13.605
304.2467,21.915,80.155,29.0481,0.3541,0.1126,1577.916,-18.4767,-11.2442,2.4083,r26_c10,13.288
305.2599,21.915,80.165,29.2253,0.4437,0.1346,1579.4043,-16.7582,-9.8527,1.2122,r26_c11,13.045
308.2646,21.915,80.175,29.2467,0.4765,0.1266,1579.4043,-16.4625,-9.4681,1.2902,r26_c12,12.881
309.5997,21.915,80.185,29.3234,0.5213,0.1202,1579.4043,-15.4776,-8.5779,1.4122,r26_c13,12.798
315.356,21.915,80.195,29.2458,0.5454,0.1406,1584.0853,-15.3577,-8.3886,1.559,r26_c14,12.798
320.0859,21.915,80.205,29.0456,0.5012,0.12,1804.9315,-15.6179,-8.6444,1.871,r26_c15,12.881
332.1549,21.915,80.215,28.6646,0.5799,0.1285,1804.9315,-14.8669,-7.8257,1.8421,r26_c16,13.045
342.6721,21.915,80.225,28.2838,0.5836,0.126,1804.9315,-14.9025,-7.895,1.7754,r26_c17,13.288
356.0536,21.915,80.235,27.9709,0.6122,0.1175,1804.9315,-14.8962,-7.9522,1.8737,r26_c18,13.605
384.7278,21.915,80.245,27.5411,0.6475,0.1355,1804.9315,-15.0113,-8.3806,7.0541,r26_c19,13.991
504.4576,21.915,80.255,27.1224,0.6743,0.1488,1770.5762,-15.5826,-9.159,22.5644,r26_c20,14.44
593.8692,21.915,80.265,26.9166,0.6842,0.1358,1770.2457,-13.9624,-7.3134,8.6295,r26_c21,14.947
604.5467,21.915,80.275,26.933,0.6931,0.1258,1770.2457,-14.7601,-8.1579,9.2207,r26_c22,15.507
612.0673,21.915,80.285,26.9745,0.678,0.1378,1770.2457,-14.1074,-7.3971,6.6103,r26_c23,16.113
603.9218,21.915,80.295,26.9476,0.683,0.1234,1770.2457,-14.2005,-7.4887,10.37,r26_c24,16.761
583.6711,21.915,80.305,26.8712,0.6622,0.1187,1674.8921,-13.766,-6.9548,12.2806,r26_c25,17.446
576.484,21.915,80.315,26.7711,0.6602,0.1242,1670.9022,-14.5282,-7.7284,9.3812,r26_c26,18.164
593.9865,21.915,80.325,26.5322,0.7109,0.092,1670.9022,-14.0324,-7.3037,4.5654,r26_c27,18.911
595.2105,21.915,80.335,26.4671,0.6975,0.0868,1670.9022,-14.1061,-7.4497,4.4065,r26_c28,19.684
583.4037,21.915,80.345,26.7045,0.6438,0.119,1672.0687,-14.185,-7.4687,7.37,r26_c29,20.479
327.6168,21.925,80.055,29.8046,0.3848,0.1221,1514.3961,-16.9543,-9.2595,1.1869,r27_c00,19.68
324.2407,21.925,80.065,29.8696,0.3568,0.1178,1514.3961,-16.9154,-9.2332,1.0963,r27_c01,18.963
319.9951,21.925,80.075,29.6917,0.3985,0.1338,1514.3961,-16.7142,-9.3633,1.0433,r27_c02,18.277
316.3397,21.925,80.085,29.5606,0.3626,0.1132,1514.3961,-17.3321,-9.6444,1.2136,r27_c03,17.624
316.3396,21.925,80.095,29.4193,0.4128,0.1239,1514.3961,-16.9502,-9.5507,1.1967,r27_c04,17.009
314.7484,21.925,80.105,29.0971,0.4498,0.1229,1540.4203,-16.5533,-9.5902,1.2513,r27_c05,16.436
316.1439,21.925,80.115,28.732,0.4611,0.1346,1540.6237,-16.8838,-9.8639,1.1151,r27_c06,15.909
312.6011,21.925,80.125,28.5805,0.4907,0.1209,1540.6237,-16.1903,-9.3908,1.2454,r27_c07,15.433
311.5416,21.925,80.135,28.6443,0.4543,0.1237,1540.6237,-16.4291,-9.4448,1.47,r27_c08,15.014
305.1672,21.925,80.145,28.9193,0.3483,0.1108,1540.6237,-18.6594,-11.4128,2.4735,r27_c09,14.655
311.2946,21.925,80.155,29.2049,0.4406,0.1205,1577.916,-16.3716,-9.5006,1.4085,r27_c10,14.361
310.6357,21.925,80.165,29.3257,0.4276,0.1265,1579.4043,-16.5644,-9.5501,1.7155,r27_c11,14.137
312.0748,21.925,80.175,29.5309,0.4048,0.1268,1579.4043,-16.792,-9.657,1.1592,r27_c12,13.985
310.1641,21.925,80.185,29.7289,0.4203,0.126,1579.4043,-16.4886,-9.5148,1.2983,r27_c13,13.909
314.0712,21.925,80.195,29.6222,0.4877,0.1352,1584.0854,-15.9943,-9.0218,1.5732,r27_c14,13.909
321.1984,21.925,80.205,29.354,0.4659,0.1246,1804.9315,-16.2405,-9.4869,1.6221,r27_c15,13.985
329.7028,21.925,80.215,28.7948,0.5981,0.1235,1804.9315,-14.9536,-8.0124,1.6771,r27_c16,14.137
336.8012,21.925,80.225,28.3042,0.5877,0.1236,1804.9315,-14.9732,-8.199,2.578,r27_c17,14.361
345.3819,21.925,80.235,27.9816,0.5711,0.1176,1804.9315,-15.3849,-8.5317,2.7836,r27_c18,14.655
454.9514,21.925,80.245,27.4786,0.6894,0.1314,1804.9315,-16.2465,-9.8998,17.5347,r27_c19,15.014
636.9876,21.925,80.255,26.9839,0.7234,0.1186,1770.5762,-14.5499,-7.9023,11.5202,r27_c20,15.433
606.6203,21.925,80.265,26.8297,0.708,0.1255,1770.2457,-14.2298,-7.3822,5.3543,r27_c21,15.909
625.1431,21.925,80.275,26.8516,0.7029,0.1417,1770.2457,-14.5634,-7.8328,7.3912,r27_c22,16.436
615.3799,21.925,80.285,26.9175,0.6905,0.1429,1770.2457,-13.9444,-7.0998,4.7981,r27_c23,17.009
613.3835,21.925,80.295,26.8959,0.6928,0.1358,1770.2457,-14.331,-7.5441,6.4535,r27_c24,17.624
605.3549,21.925,80.305,26.9619,0.6542,0.1342,1674.8921,-14.48,-7.6474,5.7501,r27_c25,18.277
592.9897,21.925,80.315,27.0421,0.6589,0.127,1670.9022,-14.0323,-7.2295,7.0006,r27_c26,18.963
596.4675,21.925,80.325,26.9283,0.6743,0.1201,1670.9022,-14.3373,-7.5581,6.0137,r27_c27,19.68
585.107,21.925,80.335,26.7593,0.6819,0.101,1670.9022,-13.9017,-7.1389,6.2213,r27_c28,20.423
567.9621,21.925,80.345,26.8047,0.608,0.0976,1672.0687,-14.5481,-7.8293,4.9308,r27_c29,21.191
326.9246,21.935,80.055,29.7575,0.3704,0.1296,1514.3961,-16.8747,-9.3813,1.3182,r28_c00,20.48
323.1496,21.935,80.065,29.5755,0.3934,0.1368,1514.3961,-16.7851,-9.4681,1.0293,r28_c01,19.792
320.1847,21.935,80.075,29.3128,0.3966,0.134,1514.3961,-16.9392,-9.7181,0.9815,r28_c02,19.136
317.096,21.935,80.085,29.1145,0.3681,0.1134,1514.3961,-17.2748,-9.6967,1.1715,r28_c03,18.513
317.7177,21.935,80.095,28.8824,0.4177,0.1332,1514.3961,-16.6816,-9.2626,1.0254,r28_c04,17.929
316.9648,21.935,80.105,28.7008,0.4541,0.1328,1540.4203,-16.748,-9.7404,1.1847,r28_c05,17.386
315.1476,21.935,80.115,28.7002,0.4279,0.1332,1540.6237,-16.8627,-9.9029,1.4884,r28_c06,16.889
309.4985,21.935,80.125,28.7619,0.439,0.1143,1540.6237,-16.8152,-9.9728,1.6375,r28_c07,16.442
308.0149,21.935,80.135,28.9455,0.3726,0.0985,1540.6237,-17.7563,-10.5973,2.2757,r28_c08,16.048
310.3273,21.935,80.145,29.225,0.4177,0.1269,1540.6237,-17.2034,-10.0153,1.9615,r28_c09,15.713
316.0547,21.935,80.155,29.4154,0.3598,0.1755,1577.916,-17.6434,-10.3092,1.0304,r28_c10,15.44
315.0029,21.935,80.165,29.5298,0.3567,0.1798,1579.4043,-17.6274,-10.4196,0.9571,r28_c11,15.231
313.1001,21.935,80.175,29.7143,0.3945,0.1254,1579.4043,-16.8358,-9.7208,1.112,r28_c12,15.091
315.0776,21.935,80.185,29.7497,0.498,0.1302,1579.4043,-15.7376,-9.0627,1.308,r28_c13,15.02
320.7202,21.935,80.195,29.517,0.4978,0.1203,1584.0853,-15.8835,-9.0938,1.4924,r28_c14,15.02
329.3942,21.935,80.205,29.0597,0.5702,0.1429,1804.9315,-15.2359,-8.5269,1.5343,r28_c15,15.091
339.9396,21.935,80.215,28.494,0.6272,0.1325,1804.9315,-14.8649,-8.0403,2.7766,r28_c16,15.231
382.8563,21.935,80.225,27.965,0.6438,0.1447,1804.9315,-15.1829,-8.5581,11.6689,r28_c17,15.44
487.3852,21.935,80.235,27.641,0.6548,0.1436,1804.9315,-14.387,-7.823,18.6272,r28_c18,15.713
474.8498,21.935,80.245,27.3219,0.6808,0.1407,1804.9315,-14.4275,-7.7516,15.5687,r28_c19,16.048
562.6974,21.935,80.255,26.9498,0.6938,0.1262,1770.5751,-15.0901,-8.4135,10.6958,r28_c20,16.442
612.439,21.935,80.265,26.8352,0.7026,0.1237,1770.2457,-14.645,-7.8344,4.8682,r28_c21,16.889
645.9534,21.935,80.275,26.8027,0.7127,0.1245,1770.2457,-14.5181,-7.701,6.6446,r28_c22,17.386
625.7259,21.935,80.285,26.8472,0.7053,0.1288,1770.2457,-14.2028,-7.3304,3.7697,r28_c23,17.929
620.4741,21.935,80.295,26.8962,0.6933,0.1363,1770.2457,-14.5143,-7.6838,3.4065,r28_c24,18.513
610.1108,21.935,80.305,26.9267,0.6875,0.1411,1674.8951,-14.4993,-7.6607,3.665,r28_c25,19.136
629.6326,21.935,80.315,26.992,0.6736,0.123,1670.9022,-14.0289,-7.2382,12.5619,r28_c26,19.792
580.6147,21.935,80.325,27.0243,0.6568,0.1217,1670.9022,-13.9159,-7.1027,8.1227,r28_c27,20.48
571.182,21.935,80.335,26.9764,0.6524,0.1067,1670.9022,-14.212,-7.4933,6.7184,r28_c28,21.195
581.1899,21.935,80.345,26.9444,0.6481,0.1358,1672.0687,-14.5039,-7.6895,5.8283,r28_c29,21.936
326.5943,21.945,80.055,30.0172,0.3561,0.0964,1514.3961,-16.7671,-8.6944,1.4256,r29_c00,21.308
322.9107,21.945,80.065,29.7337,0.375,0.1211,1514.3961,-16.9833,-9.6551,0.9534,r29_c01,20.648
319.882,21.945,80.075,29.4221,0.3872,0.1395,1514.3961,-16.9757,-9.8349,0.8295,r29_c02,20.02
318.9108,21.945,80.085,29.1493,0.3977,0.1352,1514.3961,-16.7815,-9.3759,1.0216,r29_c03,19.426
319.1382,21.945,80.095,29.0297,0.41,0.1466,1514.3961,-16.8995,-9.5325,0.98,r29_c04,18.87
317.1343,21.945,80.105,29.1422,0.4094,0.1248,1540.4203,-16.9868,-9.9168,1.4715,r29_c05,18.355
306.8381,21.945,80.115,29.2886,0.3075,0.1036,1540.6237,-19.6865,-12.0592,2.5727,r29_c06,17.885
308.7426,21.945,80.125,29.303,0.3936,0.1099,1540.6237,-17.1874,-10.0613,1.6982,r29_c07,17.463
314.7347,21.945,80.135,29.4257,0.4268,0.1222,1540.6237,-16.4524,-9.4343,1.4901,r29_c08,17.093
316.3932,21.945,80.145,29.6051,0.386,0.1329,1540.6237,-16.9624,-9.6712,1.2275,r29_c09,16.779
318.41,21.945,80.155,29.7206,0.3465,0.1365,1577.9155,-17.0687,-9.5963,1.3265,r29_c10,16.523
316.3239,21.945,80.165,29.7461,0.3883,0.1392,1579.4043,-17.021,-9.6565,1.1279,r29_c11,16.328
318.4328,21.945,80.175,29.6909,0.4279,0.1142,1579.4043,-16.7926,-9.7804,1.4734,r29_c12,16.197
323.0162,21.945,80.185,29.5063,0.5106,0.116,1579.4043,-15.5856,-8.8692,1.4577,r29_c13,16.132
330.564,21.945,80.195,29.0646,0.5365,0.1325,1584.0867,-15.5703,-8.9553,1.6706,r29_c14,16.132
388.2423,21.945,80.205,28.4252,0.6527,0.1532,1804.9315,-15.3901,-8.8435,11.2038,r29_c15,16.197
498.7005,21.945,80.215,27.8233,0.6794,0.1657,1804.9315,-14.7701,-8.3403,14.4802,r29_c16,16.328
541.8413,21.945,80.225,27.437,0.6866,0.1523,1804.9315,-14.3681,-7.8938,11.1888,r29_c17,16.523
576.5671,21.945,80.235,27.2448,0.6807,0.1472,1804.9315,-14.5368,-7.9356,5.1847,r29_c18,16.779
577.4174,21.945,80.245,27.1138,0.6831,0.1399,1804.9315,-14.5104,-7.7798,5.6855,r29_c19,17.093
604.1969,21.945,80.255,26.9815,0.708,0.121,1770.5763,-14.2629,-7.4981,6.9447,r29_c20,17.463
595.8326,21.945,80.265,26.85,0.6876,0.1181,1770.2457,-14.4017,-7.5843,3.2576,r29_c21,17.885
614.1337,21.945,80.275,26.8202,0.6891,0.1253,1770.2457,-14.6911,-7.8416,4.3615,r29_c22,18.355
621.5584,21.945,80.285,26.7966,0.7058,0.1199,1770.2457,-14.3881,-7.5199,4.552,r29_c23,18.87
609.0368,21.945,80.295,26.7562,0.7034,0.1215,1770.2457,-14.262,-7.4477,3.2945,r29_c24,19.426
594.8989,21.945,80.305,26.7793,0.6884,0.116,1674.8934,-14.0668,-7.233,3.241,r29_c25,20.02
583.0563,21.945,80.315,26.8474,0.6818,0.1254,1670.9022,-14.124,-7.3166,3.7283,r29_c26,20.648
570.6321,21.945,80.325,26.9887,0.6654,0.1323,1670.9022,-14.0983,-7.3442,6.2004,r29_c27,21.308
576.7673,21.945,80.335,26.9609,0.6715,0.1414,1670.9022,-14.5356,-7.8138,6.6445,r29_c28,21.996
592.7355,21.945,80.345,26.9694,0.673,0.1447,1672.0691,-14.4327,-7.6293,4.2849,r29_c29,22.711
