zone_id,demo_latent
0,0.0
1,0.010403160478394466
2,0.02579951877972364
3,0.045996835019598045
4,0.0707543032235663
5,0.0997851842134951
6,0.1327599061076309
7,0.16930959959013467
8,0.20903003061772676
9,0.2514858891408188
10,0.29621538876249254
11,0.3427351290818456
12,0.39054516980048204
13,0.4391342635402621
14,0.48798519274829083
15,0.5365801550668498
16,0.5844061411348879
17,0.6309602489602655
18,0.6757548797649434
19,0.7183227615404748
20,0.7582217484506403
21,0.7950393466567273
22,0.8283969200958047
23,0.8579535331752215
24,0.8834093912301363
25,0.9045088438716812
26,0.921042920996371
27,0.9328513761750606
28,0.9398242173436242
29,0.9419027101203028
30,0.9390798446195662
31,0.9314002622606319
32,0.9189596447199466
33,0.9019035727931829
34,0.8804258684514903
35,0.8547664387448924
36,0.8252086453622777
37,0.7920762285505146
38,0.7557298186768148
39,0.7165630729329672
40,0.6749984784940063
41,0.6314828668103663
42,0.5864826866001684
43,0.5404790854897589
44,0.4939628520986928
45,0.44742927166328283
46,0.40137294903282167
47,0.3562826530401505
48,0.31263623585123435
49,0.2708956799409735
50,0.2315023238305875
51,0.19487231568491672
52,0.16139234131773947
53,0.13141567012516908
54,0.10525855899413766
55,0.08319705035039393
56,0.06546419626534314
57,0.052247735974588615
58,0.04368824932773969
59,0.039877803636483085
60,0.0036008735211384567
61,0.01679502343106434
62,0.03487975952682188
63,0.05763301972586569
64,0.08478572344484266
65,0.11602470363038717
66,0.15099608619313443
67,0.1893090810482509
68,0.2305401447287969
69,0.2742374707280003
70,0.31992576037492043
71,0.36711122420338854
72,0.41528676144868015
73,0.46393726354021736
74,0.5125449862578225
75,0.5605949346028469
76,0.6075802044057828
77,0.6530072252485176
78,0.6964008504183132
79,0.737309241314752
80,0.7753084959849592
81,0.8100069742381669
82,0.8410492750638743
83,0.8681198258034262
84,0.8909460466740816
85,0.909301058762809
86,0.9230059084522345
87,0.9319312863592722
88,0.9359987242023236
89,0.9351812585114619
90,0.9295035556965613
91,0.9190414986334635
92,0.9039212405573042
93,0.8843177376058362
94,0.8604527767763986
95,0.8325925212882077
96,0.8010446003290649
97,0.7661547748485507
98,0.7283032154054251
99,0.687900432023375
100,0.6453828995313433
101,0.6012084249143369
102,0.5558513057553811
103,0.509797330878396
104,0.46353867578908226
105,0.41756874643954206
106,0.372377025206748
107,0.32844397277056225
108,0.2862360388111325
109,0.24620083312524466
110,0.20876250690324086
111,0.1743173915350318
112,0.1432299394525243
113,0.11582900819544083
114,0.09240452514975485
115,0.07320456628955906
116,0.0584328778014171
117,0.04824686473333172
118,0.04275606583860719
119,0.04202112863268719
120,0.008823168718727655
121,0.024745148022080766
122,0.04543473097761789
123,0.0706410657452111
124,0.10006804088419025
125,0.1333775027596971
126,0.170192898031701
127,0.2101033026491074
128,0.2526677948077544
129,0.2974201258165478
130,0.34387363978955654
131,0.39152639057460015
132,0.4398664023649707
133,0.4883770190427951
134,0.5365422864820385
135,0.5838523118045243
136,0.6298085439372187
137,0.6739289207542045
138,0.7157528295972911
139,0.7548458300321268
140,0.7908040902944358
141,0.8232584919816646
142,0.8518783611163006
143,0.8763747877112764
144,0.8965035003584628
145,0.9120672670960717
146,0.9229177988335278
147,0.9289571368747302
148,0.9301385115223407
149,0.9264666643112254
150,0.9179976320485824
151,0.9048379964721469
152,0.8871436089168133
153,0.865117804844513
154,0.8390091283864104
155,0.8091085921126081
156,0.7757465020330688
157,0.7392888822896864
158,0.7001335380825942
159,0.6587057990397848
160,0.6154539884452116
161,0.5708446664672094
162,0.5253576977315896
163,0.4794811952595156
164,0.43370639390374954
165,0.38852250697696383
166,0.344411619753138
167,0.30184367294935616
168,0.26127158816435914
169,0.22312658557832857
170,0.1878137420203937
171,0.1557078348198471
172,0.12714951369636396
173,0.10244183935116864
174,0.08184722343967334
175,0.06558480027109086
176,0.053828255948564205
177,0.046704135777657994
178,0.04429064568860162
179,0.046616958190678674
180,0.015628722078017986
181,0.03420124236730248
182,0.05739873137465535
183,0.08494273434783922
184,0.11651149738515698
185,0.1517434548925119
186,0.19024111781380873
187,0.23157532146461415
188,0.27528978812700233
189,0.3209059563626581
190,0.36792802631213783
191,0.41584816809421826
192,0.4641518388221009
193,0.5123231527330772
194,0.5598502484884296
195,0.6062305978514033
196,0.6509762006849634
197,0.6936186125224781
198,0.7337137528363844
199,0.7708464445430574
200,0.8046346382085006
201,0.8347332778290242
202,0.860837768914717
203,0.8826870138604992
204,0.900065984205852
205,0.9128078043063369
206,0.9207953261185712
207,0.923962180179645
208,0.9222932933821993
209,0.9158248697523028
210,0.90464383606712
211,0.8888867597439234
212,0.8687382519336616
213,0.8444288741009727
214,0.8162325715139118
215,0.7844636619464378
216,0.7494734124635811
217,0.7116462413658241
218,0.6713955861749253
219,0.6291594819032138
220,0.5853958967348423
221,0.5405778746275102
222,0.49518853619539677
223,0.449715990535909
224,0.4046482114136374
225,0.3604679313911041
226,0.3176476071190794
227,0.2766445080522662
228,0.23789597937411253
229,0.2018149278949487
230,0.1687855771680885
231,0.1391595350710894
232,0.11325221365798742
233,0.09133963724338727
234,0.0736556704715368
235,0.0603896935991702
236,0.051684747429215465
237,0.047636165326464606
238,0.04829070457745798
239,0.053646184083287904
240,0.023970074759261547
241,0.045102219844174465
242,0.0706978781815627
243,0.1004523263199279
244,0.13401969273919948
245,0.171016698564827
246,0.2110267728913732
247,0.25360449915577904
248,0.29828034563548844
249,0.34456563027728276
250,0.3919576677222206
251,0.43994504460082706
252,0.48801296795222826
253,0.535648630978787
254,0.582346540295064
255,0.6276137493609931
256,0.6709749439012538
257,0.7119773267896988
258,0.7501952521047394
259,0.7852345608092013
260,0.8167365737505715
261,0.8443817013761142
262,0.8678926336756216
263,0.8870370783530248
264,0.9016300200439487
265,0.9115354784844066
266,0.9166677488415412
267,0.9169921128873156
268,0.9125250152678798
269,0.9033337047389843
270,0.8895353458404186
271,0.8712956120104328
272,0.8488267765383108
273,0.8223853229593375
274,0.7922691014611207
275,0.7588140625387308
276,0.7223906034609165
277,0.6833995670460226
278,0.6422679357548777
279,0.5994442671503604
280,0.5553939193221967
281,0.5105941169033255
282,0.46552890979164385
283,0.4206840776245873
284,0.37654203342726383
285,0.33357677966025867
286,0.2922489691457724
287,0.2530011220456643
288,0.2162530482332632
289,0.18239752205284457
290,0.15179625362796506
291,0.12477619759539883
292,0.10162623643837823
293,0.08259427151482182
294,0.0678847504676627
295,0.0576566550120508
296,0.05202196817028063
297,0.051044634923281096
298,0.05474002502036996
299,0.06307490139521027
300,0.03379080802346563
301,0.05737861659813228
302,0.08525060256124396
303,0.11707724743554836
304,0.15249021436743657
305,0.19108632393298366
306,0.23243187668040816
307,0.276067276672992
308,0.32151190725741313
309,0.368269207755416
310,0.41583189779773794
311,0.4636872945977076
312,0.5113226676229331
313,0.558230574864617
314,0.6039141252329243
315,0.6478921125188182
316,0.6897039678444176
317,0.7289144795572394
318,0.7651182320948566
319,0.7979437184127441
320,0.8270570841104466
321,0.8521654653600266
322,0.8730198871009587
323,0.8894176926640848
324,0.9012044809782002
325,0.9082755327396153
326,0.9105767123333869
327,0.9081048378263615
328,0.9009075169488425
329,0.8890824525823757
330,0.8727762268192228
331,0.8521825780935497
332,0.8275401911490046
333,0.7991300246480245
334,0.7672722059905186
335,0.7323225273442332
336,0.694668580952867
337,0.6547255754335362
338,0.6129318779732449
339,0.5697443300423005
340,0.5256333864457754
341,0.48107812919787757
342,0.43656120882531657
343,0.3925637662638689
344,0.34956038851185783
345,0.308014150639958
346,0.26837179564401176
347,0.23105910197511795
348,0.1964764864083952
349,0.16499488725126718
350,0.13695196976095358
351,0.11264869208933025
352,0.09234626612717499
353,0.07626354333220503
354,0.0645748510393137
355,0.05740829991528117
356,0.05484457819132571
357,0.05691624313422296
358,0.06360751495936201
359,0.07485457310182317
360,0.04502593570972502
361,0.0709530624051621
362,0.10096819286522853
363,0.13471861799167054
364,0.17181530556923547
365,0.2118370917324283
366,0.25433518974000663
367,0.2988379683728183
368,0.3448559495693641
369,0.39188697274324
370,0.4394214716144439
371,0.4869478083455899
372,0.5339576093143182
373,0.5799510469801018
374,0.6244420130143216
375,0.6669631291439567
376,0.7070705440056481
377,0.7443484666870958
378,0.778413390528143
379,0.80891796412953
380,0.8355544703357336
381,0.8580578781797026
382,0.8762084373562363
383,0.8898337896739987
384,0.8988105770783452
385,0.903065531175424
386,0.9025760346708948
387,0.8973701507034143
388,0.8875261216446281
389,0.8731713444950742
390,0.8544808354704904
391,0.8316752016865028
392,0.80501814295887
393,0.7748135115837298
394,0.7414019625014071
395,0.7051572304276545
396,0.666482074316967
397,0.6258039328649013
398,0.5835703376238126
399,0.5402441326753835
400,0.49629855164341363
401,0.45221220413292995
402,0.4084640244247158
403,0.36552823544154356
404,0.3238693806281049
405,0.2839374754577953
406,0.24616332881179284
407,0.21095408248014944
408,0.178689014543638
409,0.14971564942709678
410,0.12434621401118093
411,0.10285447538558379
412,0.08547299166232185
413,0.07239080279267979
414,0.0637515835913561
415,0.059652276220284024
416,0.06014221427379844
417,0.06522274539320869
418,0.07484735407713304
419,0.08892228110088136
420,0.0576023511514386
421,0.08574080179719969
422,0.11775538359485639
423,0.15327192246238786
424,0.19188256803404974
425,0.2331501802033527
426,0.2766130021522683
427,0.3217895704721077
428,0.36818381062977124
429,0.41529026422901333
430,0.4625993932782394
431,0.5096029060181618
432,0.5557990487864929
433,0.6006978089059547
434,0.6438259746655954
435,0.684732000117727
436,0.722990624604453
437,0.7582071996453281
438,0.7900216790245888
439,0.8181122315775041
440,0.8421984402550255
441,0.8620440554950209
442,0.8774592757025267
443,0.8883025326863665
444,0.8944817651638005
445,0.8959551688695048
446,0.892731417334486
447,0.8848693529740642
448,0.8724771536835464
449,0.8557109856265509
450,0.8347731582561144
451,0.8099098027765557
452,0.781408100180145
453,0.7495930896263917
454,0.714824092224148
455,0.6774907891823777
456,0.6380089967793698
457,0.5968161836181771
458,0.5543667781672282
459,0.511127316597713
460,0.46757148240687296
461,0.4241750902448113
462,0.38141106673349906
463,0.3397444808796826
464,0.299627675940717
465,0.26149555331739016
466,0.2257610572315108
467,0.19281090662512823
468,0.1630016179162826
469,0.13665585899579655
470,0.11405917118732577
471,0.09545709185962337
472,0.08105270602046252
473,0.07100465058239298
474,0.0654255901240128
475,0.0643811779281176
476,0.06788951091470209
477,0.07592108185827046
478,0.08839922704035945
479,0.10520106229626223
480,0.07143932557319853
481,0.10165026203754009
482,0.13551098600636757
483,0.17262769507201445
484,0.2125756940918918
485,0.2549039551875999
486,0.2991399321889307
487,0.3447945786634454
488,0.3913675166818419
489,0.4383523020390974
490,0.48524173079169824
491,0.531533131698458
492,0.576733589457014
493,0.6203650445159201
494,0.6619692166960437
495,0.7011123018591576
496,0.7373893933969694
497,0.7704285833468333
498,0.7998947014422901
499,0.825492654336981
500,0.8469703315554351
501,0.864121049381134
502,0.8767855088351053
503,0.8848532490791439
504,0.8882635829377608
505,0.8870060067160256
506,0.8811200820379571
507,0.8706947929829032
508,0.8558673872969854
509,0.8368217158435759
510,0.8137860896776783
511,0.7870306791229301
512,0.7568644839533957
513,0.7236319081760632
514,0.687708976938006
515,0.649499236695387
516,0.6094293829500548
517,0.567944662543239
518,0.5255040996775249
519,0.4825755964881692
520,0.43963096009288677
521,0.39714090860384926
522,0.3555701085834423
523,0.3153722958672305
524,0.27698553057596675
525,0.2408276355014531
526,0.20729186490275128
527,0.17674284811492383
528,0.14951284927637648
529,0.1258983809673094
530,0.106157205651066
531,0.09050575457183488
532,0.07911698922878109
533,0.07211872577131842
534,0.06959243769127736
535,0.07157254708238486
536,0.0780462095481889
537,0.08895359262340667
538,0.10418864238565553
539,0.12360032783079111
540,0.08644905468187802
541,0.11858366423440604
542,0.1541285562648481
543,0.192672236856953
544,0.23377522398605563
545,0.2769747584468018
546,0.32178973614002476
547,0.3677258096519324
548,0.414280605434249
549,0.46094900184398657
550,0.5072284128233765
551,0.5526240221118528
552,0.5966539135648415
553,0.6388540444146497
554,0.6787830101215898
555,0.7160265518120518
556,0.7502017601604043
557,0.780960932905673
558,0.8079950469732597
559,0.8310368103460846
560,0.8498632633631064
561,0.8642979039573968
562,0.8742123164367518
563,0.8795272886965538
564,0.8802134081845685
565,0.8762911324502842
566,0.8678303356492616
567,0.8549493378770603
568,0.8378134296195682
569,0.8166329088683467
570,0.7916606535082809
571,0.7631892563846299
572,0.7315477549492174
573,0.6970979915241768
574,0.6602306439618232
575,0.6213609697879531
576,0.5809243097497785
577,0.5393713990341588
578,0.49716353623870313
579,0.45476766146509834
580,0.4126513956356759
581,0.3712780933175062
582,0.3311019609615784
583,0.2925632915479818
584,0.25608386516670445
585,0.22206256309387742
586,0.190871240451938
587,0.16285089961025997
588,0.13830820311378753
589,0.11751236116861456
590,0.10069242459622085
591,0.08803500974919284
592,0.07968247719949165
593,0.07573158112274089
594,0.07623260125986421
595,0.08118896419459151
596,0.09055735549790002
597,0.10424831911461636
598,0.12212733525618233
599,0.1440163630730345
600,0.10253724986017136
601,0.1364376736068812
602,0.17349709681393138
603,0.213288359582997
604,0.25535932329067174
605,0.29923770913611136
606,0.3444361241061583
607,0.3904572213404561
608,0.4367989406335294
609,0.48295977413980273
610,0.5284440022552214
611,0.5727668451385841
612,0.6154594763946879
613,0.6560738470648684
614,0.694187270230537
615,0.7294067192178539
616,0.7613727955564883
617,0.7897633264663172
618,0.8142965556777637
619,0.8347338957924985
620,0.8508822151126778
621,0.8625956368599242
622,0.8697768339118119
623,0.8723778075526993
624,0.8704001442062079
625,0.8638947496314637
626,0.8529610655662331
627,0.8377457792272488
628,0.8184410413759531
629,0.7952822137698459
630,0.76854517168979
631,0.7385431918173658
632,0.7056234599771524
633,0.6701632371213848
634,0.6325657253728817
635,0.593255678926218
636,0.552674807102045
637,0.5112770188356959
638,0.46952355933617274
639,0.42787809056339265
640,0.386801767531331
641,0.3467483622549025
642,0.3081594864164677
643,0.2714599625527874
644,0.23705339176181325
645,0.20531796363109495
646,0.17660255131535532
647,0.15122313147700123
648,0.12945956518220003
649,0.11155277186094818
650,0.09770232413297465
651,0.08806448672266316
652,0.08275071788379991
653,0.08182664678202675
654,0.08531153519322489
655,0.09317822672448783
656,0.10535358160584692
657,0.12171938999140947
658,0.1421137517015355
659,0.16633290548632218
660,0.11960377008830293
661,0.15510408466948158
662,0.1935017864142588
663,0.2343561517142144
664,0.2772045754635792
665,0.3215675132766981
666,0.3669535765109691
667,0.4128647263947756
668,0.45880151269422603
669,0.5042683020645786
670,0.5487784415215103
671,0.5918593033320474
672,0.633057159053185
673,0.6719418324195001
674,0.7081110832799284
675,0.7411946777801014
676,0.770858103442398
677,0.7968058916811266
678,0.8187845145541082
679,0.836584827154991
680,0.850044031937261
681,0.8590471463829306
682,0.8635279607281012
683,0.8634694778781336
684,0.8589038331296787
685,0.849911696805411
686,0.8366211683429433
687,0.8192061757036596
688,0.7978843991242931
689,0.7729147431693305
690,0.7445943857050077
691,0.7132554367553969
692,0.6792612441754762
693,0.643002386641862
694,0.6048923975837378
695,0.5653632663235464
696,0.5248607648423117
697,0.48383965020572767
698,0.44275879377399646
699,0.402076288854575
700,0.3622445884465899
701,0.32370572416478594
702,0.286886656332505
703,0.25219480360814245
704,0.2200137983803033
705,0.190699511557711
706,0.16457638731643526
707,0.1419341248950051
708,0.1230247406719613
709,0.10806003957652076
710,0.0972095204089402
711,0.09059873493617437
712,0.088308115730716
713,0.09037228268983202
714,0.09677983306262047
715,0.10747361467896582
716,0.12235147697269244
717,0.1412674893742171
718,0.16403361177136583
719,0.1904217970482728
720,0.13754329046038474
721,0.1744705368775754
722,0.21402473412367992
723,0.255753761486339
724,0.29918678442815283
725,0.3438392760183812
726,0.3892181560826593
727,0.4348269939543962
728,0.4801712202313756
729,0.5247632930327495
730,0.5681277649197886
731,0.609806197877698
732,0.6493618755414486
733,0.6863842641622304
734,0.7204931766326633
735,0.7513425971815703
736,0.7786241280773141
737,0.8020700238059456
738,0.8214557826646894
739,0.8366022704893108
740,0.8473773562622261
741,0.8536970445712159
742,0.8555260952523142
743,0.8528781259959195
744,0.8458151991641824
745,0.8344468995035814
746,0.8189289147785794
747,0.7994611365476998
748,0.7762853032935771
749,0.7496822128546494
750,0.7199685355364221
751,0.6874932633584365
752,0.6526338345800619
753,0.6157919759037593
754,0.5773893075428339
755,0.5378627586443202
756,0.4976598423390214
757,0.45723384094876357
758,0.41703895258897167
759,0.37752545057495185
760,0.3391349066528001
761,0.3022955281590857
762,0.2674176577603352
763,0.23488948246578256
764,0.2050729961594034
765,0.17830025699385693
766,0.15486997765898308
767,0.13504448282092604
768,0.11904706396608025
769,0.10705975752046844
770,0.0992215675002875
771,0.09562714913233193
772,0.09632596491670144
773,0.1013219195428969
774,0.11057347496807679
775,0.12399424187917313
776,0.14145403874085688
777,0.16278040473406896
778,0.18776054816826906
779,0.21614370744777212
780,0.15624600293284688
781,0.19442125608636807
782,0.23494575233752196
783,0.2773581920291099
784,0.32118178200936165
785,0.3659293114605613
786,0.41110831007560406
787,0.4562262343248903
788,0.50079562745452
789,0.5443391993296458
790,0.5863947732761157
791,0.6265200486691338
792,0.6642971301472572
793,0.6993367769739426
794,0.7312823291919189
795,0.759813270788892
796,0.7846483940735782
797,0.8055485338045263
798,0.822318844276887
799,0.8348105975002685
800,0.8429224857412978
801,0.8466014170039721
802,0.8458427974197467
803,0.8406902999613914
804,0.8312351243218676
805,0.8176147581523965
806,0.8000112550787388
807,0.7786490499525236
808,0.7537923365958583
809,0.7257420378102355
810,0.6948324015971571
811,0.6614272613380432
812,0.6259160010609258
813,0.5887092698527733
814,0.5502344919236849
815,0.5109312207723933
816,0.47124638732367635
817,0.43162949278853224
818,0.392527797339544
819,0.3543815554867724
820,0.3176193482937215
821,0.2826535612975107
822,0.24987605520755746
823,0.21965407417611657
824,0.19232643368671826
825,0.16820002692645142
826,0.1475466849297129
827,0.13060042184639226
828,0.11755509243747468
829,0.1085624843886341
830,0.10373086329822954
831,0.1031239833023366
832,0.10676057129081293
833,0.11461428760437904
834,0.12661416103555742
835,0.14264549094110016
836,0.16255120436384043
837,0.18613365130958873
838,0.2131568167794788
839,0.24334892386902793
840,0.17559834473768385
841,0.21483781701016272
842,0.25614314388678483
843,0.29904610340207627
844,0.3430662350180654
845,0.3877159448123108
846,0.4325056575610704
847,0.4769489615882047
848,0.520567692527668
849,0.5628969029962377
850,0.6034896665751015
851,0.6419216664449859
852,0.6777955214824939
853,0.7107448055791766
854,0.7404377193550543
855,0.7665803772713604
856,0.7889196773545478
857,0.8072457252841669
858,0.8213937894198459
859,0.8312457683946138
860,0.8367311581286927
861,0.8378275104639891
862,0.8345603810268484
863,0.8270027693371945
864,0.8152740595386241
865,0.7995384753698398
866,0.7800030680755006
867,0.7569152608144776
868,0.7305599777090017
869,0.701256389947391
870,0.6693543152586214
871,0.6352303105755422
872,0.5992835007689203
873,0.5619311889239383
874,0.5236042957278507
875,0.4847426771181669
876,0.4457903703888127
877,0.4071908194635575
878,0.3693821300121552
879,0.33279240451364206
880,0.2978352062678646
881,0.26490519973727306
882,0.23437401248328324
883,0.20658636137552427
884,0.18185648272018534
885,0.16046490251828752
886,0.14265557925888053
887,0.12863344752181927
888,0.11856238625442503
889,0.11256363094555143
890,0.11071464409976224
891,0.11304845346641762
892,0.11955346245762674
893,0.1301737321486588
894,0.1448097292493315
895,0.16331952951980894
896,0.18552046132810995
897,0.21119116946403377
898,0.24007407498115796
899,0.27187820277945485
900,0.19548374971985397
901,0.2355999217377253
902,0.277494498103363
903,0.320694616366431
904,0.36471844677598086
905,0.40908030171760346
906,0.45329575670618033
907,0.4968867292029095
908,0.539386462177621
909,0.5803443605527943
910,0.6193306304229741
911,0.6559406732255345
912,0.6897991898207199
913,0.7205639526839436
914,0.7479292080940992
915,0.7716286742678523
916,0.7914381058056505
917,0.807177399524017
918,0.8187122217075999
919,0.8259551419619385
920,0.8288662641342749
921,0.8274533501342133
922,0.8217714378739196
923,0.8119219598982537
924,0.7980513745350344
925,0.780349326505898
926,0.7590463588463985
927,0.7344112026390621
928,0.7067476754131089
929,0.6763912230704165
930,0.6437051438094058
931,0.609076535707992
932,0.5729120123555012
933,0.535633233167391
934,0.4976722967521486
935,0.45946704691264817
936,0.4214563415409768
937,0.3840753348038923
938,0.3477508226174337
939,0.3128967004750339
940,0.2799095812460494
941,0.24916461860743835
942,0.2210115793447977
943,0.19577120487946448
944,0.17373189908541906
945,0.1551467757867099
946,0.14023109531813785
947,0.12916011522806697
948,0.12206737565824058
949,0.11904343519332963
950,0.12013506809069033
951,0.12534492882832765
952,0.13463168490216182
953,0.14791061381448042
954,0.1650546552807962
955,0.18589590488988272
956,0.21022753083793388
957,0.23780609096602298
958,0.2683542232108183
959,0.3015636787711586
960,0.2157834177153929
961,0.25658618925769555
962,0.29887749070317676
963,0.3421821126991097
964,0.38601914790688757
965,0.42990707964853675
966,0.47336884708131977
967,0.515936833831023
968,0.5571577280396519
969,0.5965972033561602
970,0.6338443724959418
971,0.668515967604329
972,0.7002602047368859
973,0.7287602932941247
974,0.7537375551695841
975,0.7749541226552216
976,0.7922151887410925
977,0.805370788302003
978,0.8143170937291567
979,0.8189972137825856
980,0.8194014897561542
981,0.8155672884032382
982,0.8075782964101987
983,0.7955633264700268
984,0.7796946501431741
985,0.7601858776436492
986,0.7372894094010496
987,0.7112934886786205
988,0.6825188886212477
989,0.6513152708276638
990,0.6180572558505616
991,0.5831402488867716
992,0.5469760663065011
993,0.5099884105577024
994,0.4726082423512293
995,0.43526909987339374
996,0.3984024150793173
997,0.36243287688788633
998,0.32777389033926685
999,0.29482317949143033
1000,0.26395858004726974
1001,0.23553406543271863
1002,0.2098760473232884
1003,0.18727998846557786
1004,0.16800736210452002
1005,0.15228298844085805
1006,0.14029277435410284
1007,0.13218187817859897
1008,0.12805331666444228
1009,0.1279670264414627
1010,0.13193938738684247
1011,0.13994321032816176
1012,0.1519081865471583
1013,0.16772179164044826
1014,0.1872306314915891
1015,0.2102422134697642
1016,0.23652712153655311
1017,0.26582156976895965
1018,0.2978303049284402
1019,0.33222982517019645
1020,0.23637709697327858
1021,0.2776749508811656
1022,0.32017068231571677
1023,0.36338902688126895
1024,0.4068522712867492
1025,0.4500852963811489
1026,0.4926205621917571
1027,0.53400298282376
1028,0.5737946404655144
1029,0.6115792896601576
1030,0.6469666054350952
1031,0.679596131791818
1032,0.7091408904225495
1033,0.7353106132956284
1034,0.757854566898535
1035,0.7765639404009337
1036,0.7912737747488107
1037,0.8018644146750292
1038,0.8082624707566493
1039,0.8104412839091358
1040,0.8084208900254728
1041,0.8022674877881655
1042,0.7920924179450324
1043,0.7780506674918256
1044,0.7603389171897001
1045,0.7391931556111256
1046,0.7148858874040472
1047,0.6877229676446027
1048,0.6580400979667897
1049,0.6261990235801682
1050,0.5925834732708255
1051,0.5575948870037455
1052,0.5216479777765967
1053,0.48516617589962774
1054,0.4485770048752145
1055,0.41230743852150414
1056,0.3767792889212335
1057,0.342404674178972
1058,0.30958161385843413
1059,0.2786897983449076
1060,0.25008657627020775
1061,0.22410320156574773
1062,0.20104137870557018
1063,0.18117014130162268
1064,0.1647230954546097
1065,0.1518960551891984
1066,0.14284509295713238
1067,0.13768502362441745
1068,0.13648833562019075
1069,0.13928457806583208
1070,0.1460602077781977
1071,0.15675889510223362
1072,0.17128228263141332
1073,0.1894911860687971
1074,0.2112072218218759
1075,0.23621484145832283
1076,0.26426374892387616
1077,0.2950716724849556
1078,0.32832745974331823
1079,0.36369446082248913
1080,0.25714387454594073
1081,0.2987450464103325
1082,0.341254310495998
1083,0.38419862404186356
1084,0.4271057061425877
1085,0.46950901071038814
1086,0.510952607612408
1087,0.5509959210249727
1088,0.5892182757818153
1089,0.6252232047465104
1090,0.658642472978899
1091,0.6891397776686404
1092,0.7164140864332967
1093,0.7402025805854217
1094,0.7602831743212977
1095,0.7764765854200272
1096,0.7886479379213918
1097,0.796707882314644
1098,0.8006132239688488
1099,0.8003670558079132
1100,0.7960183965265349
1101,0.7876613408973799
1102,0.7754337338816163
1103,0.759515385266421
1104,0.7401258463636745
1105,0.7175217748612113
1106,0.6919939181756878
1107,0.6638637495671491
1108,0.6334797948035406
1109,0.601213690266783
1110,0.5674560160455296
1111,0.5326119497323367
1112,0.4970967883139032
1113,0.4613313867000983
1114,0.4257375620674396
1115,0.3907335132905193
1116,0.3567293043067786
1117,0.3241224593082286
1118,0.29329371619354394
1119,0.26460298276272853
1120,0.23838553772032237
1121,0.2149485156954233
1122,0.1945677122257266
1123,0.17748474102270895
1124,0.16390457187839128
1125,0.15399347333425525
1126,0.14787737975844492
1127,0.14564069781685957
1128,0.14732556252902856
1129,0.15293154822384583
1130,0.16241583480462715
1131,0.1756938248537692
1132,0.1926402023043947
1133,0.21309041873209722
1134,0.23684258882619078
1135,0.2636597723297753
1136,0.29327261574278396
1137,0.32538232339553996
1138,0.3596639241696719
1139,0.39576979719313216
1140,0.27796296952297994
1141,0.31967661590134694
1142,0.36201107009763883
1143,0.40449775912937325
1144,0.4466720264208546
1145,0.4880780107319691
1146,0.5282734003192454
1147,0.5668340128012364
1148,0.6033581532770743
1149,0.6374707058169492
1150,0.6688269164794268
1151,0.697115829483661
1152,0.7220633420276219
1153,0.7434348474613353
1154,0.7610374410448739
1155,0.7747216672978524
1156,0.7843827929269118
1157,0.7899615944461714
1158,0.7914446548276938
1159,0.7888641687775664
1160,0.7822972614720499
1161,0.7718648307517718
1162,0.7577299278027232
1163,0.7400956962016009
1164,0.719202893813436
1165,0.6953270263568638
1166,0.668775125450057
1167,0.6398822075766583
1168,0.6090074536275074
1169,0.5765301514530197
1170,0.5428454461653223
1171,0.5083599447473633
1172,0.4734872228307394
1173,0.43864328229259797
1174,0.40424200857772796
1175,0.3706906763881458
1176,0.3383855515915083
1177,0.30770763590175415
1178,0.2790185990926313
1179,0.2526569412411009
1180,0.22893442478812875
1181,0.20813281308266793
1182,0.19050094857546637
1183,0.17625219999171024
1184,0.16556230368152364
1185,0.15856761996774607
1186,0.15536382073315494
1187,0.1560050197625523
1188,0.16050335253231124
1189,0.16882900727441819
1190,0.18091070428363173
1191,0.1966366156427577
1192,0.2158557128585888
1193,0.23837952538375598
1194,0.2639842886938234
1195,0.2924134565393621
1196,0.323380548245894
1197,0.35657229852103967
1198,0.3916520741939958
1199,0.4282635196788289
1200,0.29871452397054954
1201,0.3403518818976341
1202,0.382326876960174
1203,0.4241776123975011
1204,0.4654491887076733
1205,0.5056984652254244
1206,0.5444986650529836
1207,0.581443775489955
1208,0.6161526985068051
1209,0.6482731086795898
1210,0.6774849793163337
1211,0.7035037412269494
1212,0.7260830426693626
1213,0.7450170834063967
1214,0.7601425004781633
1215,0.7713397881833303
1216,0.7785342398174091
1217,0.7816964038794193
1218,0.7808420526774504
1219,0.7760316664792012
1220,0.7673694415118864
1221,0.7550018351602312
1222,0.7391156665882525
1223,0.7199357956696839
1224,0.6977224075006309
1225,0.6727679338448194
1226,0.6453936465808323
1227,0.6159459615438678
1228,0.58479249404997
1229,0.5523179098266103
1230,0.5189196170275304
1231,0.4850033464619943
1232,0.45097866810609283
1233,0.41725449238184786
1234,0.38423460457749836
1235,0.3523132801587031
1236,0.32187102757716884
1237,0.29327050354956374
1238,0.2668526436693636
1239,0.24293304865078957
1240,0.2217986635242755
1241,0.20370478373451528
1242,0.188872418377362
1243,0.17748603679251132
1244,0.16969172044859915
1245,0.1655957375657714
1246,0.1652635532668766
1247,0.16871928328319588
1248,0.17594559441809096
1249,0.1868840501422508
1250,0.20143589491264563
1251,0.21946326612335598
1252,0.24079081806132532
1253,0.2652077379025925
1254,0.29247012969009395
1255,0.32230373842572363
1256,0.3544069829269779
1257,0.3884542629798451
1258,0.4240995035897231
1259,0.46097989683188684
1260,0.31928038645400225
1261,0.36065591707337236
1262,0.40209160997050736
1263,0.44313439644493036
1264,0.48334119517475255
1265,0.5222835338995312
1266,0.5595519838191029
1267,0.594760360756696
1268,0.6275496498423385
1269,0.6575916136272745
1270,0.6845920471118476
1271,0.7082936471148645
1272,0.7284784676877311
1273,0.7449699378375424
1274,0.7576344226154482
1275,0.7663823136009159
1276,0.77116863991301
1277,0.7719931960511084
1278,0.7689001880544617
1279,0.7619774046160275
1280,0.7513549248361491
1281,0.7372033792011663
1282,0.7197317850708855
1283,0.6991849824036522
1284,0.6758406995962308
1285,0.650006283119321
1286,0.6220151280550137
1287,0.5922228496468871
1288,0.5610032385354793
1289,0.5287440444354108
1290,0.4958426346074676
1291,0.4627015745609194
1292,0.4297241789927553
1293,0.3973100810162313
1294,0.365850867261061
1295,0.3357258254452703
1296,0.30729784953906103
1297,0.28090954568317006
1298,0.25687957960815344
1299,0.2354993034630446
1300,0.21702969672478267
1301,0.20169865227012468
1302,0.18969863478483412
1303,0.18118473450722372
1304,0.17627313489973964
1305,0.17504000826542954
1306,0.17752084862221446
1307,0.183710246373453
1308,0.19356210451604644
1309,0.2069902913639614
1310,0.22386972008413486
1311,0.24403784079455185
1312,0.2672965266106595
1313,0.2934143308920655
1314,0.3221290890784277
1315,0.3531508349563498
1316,0.38616499800013177
1317,0.4208358456150478
1318,0.45681013170651996
1319,0.49372091103202037
1320,0.339544883073346
1321,0.38047739232132166
1322,0.4211998266954442
1323,0.4612700302272275
1324,0.5002587172450256
1325,0.5377539325237244
1326,0.5733652949227774
1327,0.6067279806821504
1328,0.6375064055435715
1329,0.6653975682834828
1330,0.6901340220494996
1331,0.7114864440413812
1332,0.7292657785205677
1333,0.7433249328265118
1334,0.7535600109652285
1335,0.7599110743673749
1336,0.7623624245316785
1337,0.7609424074205722
1338,0.7557227446025487
1339,0.746817401184385
1340,0.7343810054925303
1341,0.7186068401929353
1342,0.6997244290343971
1343,0.6779967476114956
1344,0.6537170904280408
1345,0.6272056300584197
1346,0.5988057073173783
1347,0.5688798940240893
1348,0.5378058721618456
1349,0.5059721749632974
1350,0.47377383667947426
1351,0.44160799850818383
1352,0.40986951835788116
1353,0.37894663180471483
1354,0.34921671077623273
1355,0.3210421651670589
1356,0.2947665307859752
1357,0.2707107847656841
1358,0.2491699268670192
1359,0.23040986200848873
1360,0.2146646158858302
1361,0.20213391175500475
1362,0.19298113237803732
1363,0.1873316868207828
1364,0.18527179729288715
1365,0.18684771658349758
1366,0.19206538192224398
1367,0.2008905063364179
1368,0.21324910383371323
1369,0.2290284400671285
1370,0.24807839558529407
1371,0.2702132243867847
1372,0.29521368632684697
1373,0.322829528016005
1374,0.3527822832398275
1375,0.3847683606587152
1376,0.4184623836487812
1377,0.4535207446458746
1378,0.48958533428675804
1379,0.5262874040153982
1380,0.359395571024081
1381,0.3997093004453623
1382,0.43955144795310847
1383,0.4784927756686851
1384,0.5161196759200508
1385,0.5520384492497292
1386,0.5858793382529268
1387,0.617300275742846
1388,0.6459903090078274
1389,0.6716726655876796
1390,0.6941074300127901
1391,0.7130938052767233
1392,0.7284719373997557
1393,0.7401242862392988
1394,0.7479765306595608
1395,0.7519980012333243
1396,0.7522016387576151
1397,0.7486434819678831
1398,0.7414216928762317
1399,0.7306751330841647
1400,0.7165815091767588
1401,0.6993551098424433
1402,0.6792441616311741
1403,0.6565278342229747
1404,0.63151292967917
1405,0.604530293363817
1406,0.5759309870082651
1407,0.5460822667291173
1408,0.5153634106690402
1409,0.4841614422969426
1410,0.4528667962653886
1411,0.421868974071123
1412,0.3915522366000131
1413,0.3622913799631013
1414,0.33444763985591525
1415,0.3083647680164799
1416,0.28436532223552313
1417,0.26274720881301017
1418,0.2437805133885826
1419,0.22770465273361834
1420,0.2147258764171637
1421,0.20501514329060788
1422,0.1987063935204459
1423,0.19589523248162277
1424,0.19663803825679396
1425,0.20095149981817817
1426,0.2088125882520603
1427,0.22015895867096202
1428,0.2348897757990282
1429,0.2528669516611427
1430,0.2739167794050372
1431,0.29783194308745464
1432,0.32437387930113054
1433,0.35327546285644856
1434,0.3842439853908598
1435,0.41696439280509173
1436,0.45110274483701857
1437,0.48630985791804154
1438,0.5222250907273731
1439,0.5584802305846157
1440,0.37872396980826806
1441,0.4182496507750635
1442,0.4570524068867033
1443,0.4947178327395744
1444,0.5308497749855539
1445,0.5650744087375413
1446,0.5970440438682536
1447,0.6264406222164611
1448,0.6529788702351634
1449,0.676409075497461
1450,0.6965194596801749
1451,0.7131381251243649
1452,0.7261345567747383
1453,0.7354206661775047
1454,0.740951369211841
1455,0.742724694292377
1456,0.7407814228513072
1457,0.7352042689359087
1458,0.7261166096842537
1459,0.713680783218317
1460,0.6980959750651035
1461,0.6795957185382066
1462,0.6584450385342708
1463,0.6349372718831935
1464,0.6093906006962161
1465,0.5821443380481136
1466,0.5535550077838
1467,0.5239922622222459
1468,0.4938346830329764
1469,0.46346551156038235
1470,0.43326835536472397
1471,0.40362291773017495
1472,0.3749007963677049
1473,0.3474613965137415
1474,0.32164800211755934
1475,0.2977840468326736
1476,0.2761696241091813
1477,0.25707827285090945
1478,0.24075407188756845
1479,0.22740907295504056
1480,0.21722109801729164
1481,0.2103319226441228
1482,0.2068458628281139
1483,0.2068287781284856
1484,0.21030749942057436
1485,0.2172696848582984
1486,0.22766410297317452
1487,0.24140133719124007
1488,0.2583549014977582
1489,0.2783627525660942
1490,0.301229179445864
1491,0.32672704791231727
1492,0.35460037286459223
1493,0.3845671887600694
1494,0.4163226850214446
1495,0.44954257068293085
1496,0.48388663028348816
1497,0.5190024311848082
1498,0.5545291411096975
1499,0.5901014137781045
1500,0.3974262653702003
1501,0.43600213020802847
1502,0.47361525833287543
1503,0.5098678891274117
1504,0.5443829836078298
1505,0.5768080810273357
1506,0.6068188612952402
1507,0.6341223769226223
1508,0.6584599219511822
1509,0.6796095094012076
1510,0.6973879331406049
1511,0.7116523946817139
1512,0.7223016802051697
1513,0.7292768780371768
1514,0.7325616318153366
1515,0.7321819296130995
1516,0.7282054342989146
1517,0.7207403653305466
1518,0.7099339469729725
1519,0.6959704425300015
1520,0.6790687985442042
1521,0.6594799270036025
1522,0.6374836573495712
1523,0.613385393473935
1524,0.5875125138857507
1525,0.5602105557887196
1526,0.5318392259180555
1527,0.5027682826124807
1528,0.4733733347333294
1529,0.44403160367738864
1530,0.41511769485584427
1531,0.3869994246342216
1532,0.3600337478506705
1533,0.33456282966531475
1534,0.31091030366166356
1535,0.28937775584005754
1536,0.2702414714446981
1537,0.25374947847882445
1538,0.24011891832405335
1539,0.22953377012943846
1540,0.2221429516154462
1541,0.21805881469414679
1542,0.21735604988693613
1543,0.22007100897417856
1544,0.22620145068871494
1545,0.23570670961659992
1546,0.24850828384870094
1547,0.2644908323799692
1548,0.2835035688378129
1549,0.3053620338744176
1550,0.32985022453674995
1551,0.3567230551643561
1552,0.38570912090860443
1553,0.4165137318480228
1554,0.4488221829247776
1555,0.4823032225805153
1556,0.5166126810446244
1557,0.5513972177424183
1558,0.5862981462641353
1559,0.6209552947685519
1560,0.41540398260152245
1561,0.4528767263985242
1562,0.4891597445283179
1563,0.523873620919169
1564,0.556661965156651
1565,0.5871950324489251
1566,0.6151730273210128
1567,0.6403290576043063
1568,0.6624317092392588
1569,0.6812872166589573
1570,0.6967412080241431
1571,0.7086800092832491
1572,0.717031495885664
1573,0.7217654859257935
1574,0.7228936734885383
1575,0.7204691059468555
1576,0.7145852138764445
1577,0.7053744070470334
1578,0.6930062545740543
1579,0.6776852717172474
1580,0.6596483399492048
1581,0.6391617907412553
1582,0.6165181869873972
1583,0.5920328390737414
1584,0.5660400952655845
1585,0.53888944830675
1586,0.510941501875322
1587,0.48256384180887424
1588,0.45412685777956047
1589,0.4259995613695856
1590,0.39854544626055366
1591,0.37211843551774637
1592,0.34705895973003487
1593,0.3236902080751368
1594,0.3023145922374264
1595,0.2832104605406738
1596,0.2666290966974347
1597,0.2527920342570431
1598,0.24188871419475655
1599,0.2340745091639459
1600,0.2294691337786951
1601,0.2281554559521576
1602,0.2301787198341082
1603,0.2355461863206532
1604,0.244227192500045
1605,0.25615362680339154
1606,0.2712208120942667
1607,0.2892887845136475
1608,0.310183951634726
1609,0.333701109432416
1610,0.3596057937681135
1611,0.3876369385809138
1612,0.4175098097922928
1613,0.4489191811099528
1614,0.48154271548462513
1615,0.5150445139553547
1616,0.5490787920383569
1617,0.5832936426796103
1618,0.6173348441179017
1619,0.6508496707946091
1620,0.4325646218701942
1621,0.4687903090565346
1622,0.5036133134781112
1623,0.5366741410232033
1624,0.5676384494275917
1625,0.5962004162258421
1626,0.6220857704529035
1627,0.6450544576615327
1628,0.6649029119530433
1629,0.681465913115548
1630,0.6946180115743494
1631,0.7042745086355476
1632,0.7103919843904223
1633,0.7129683705931816
1634,0.7120425707737364
1635,0.7076936347451809
1636,0.7000394994612424
1637,0.6892353128191426
1638,0.6754713614382146
1639,0.6589706276279951
1640,0.6399860046448368
1641,0.6187972028851632
1642,0.5957073828356375
1643,0.5710395533667939
1644,0.5451327762855414
1645,0.5183382199317167
1646,0.49101510599690956
1647,0.4635265946447999
1648,0.4362356534167444
1649,0.409500955310763
1650,0.3836728508304454
1651,0.3590894577204586
1652,0.33607291055499816
1653,0.3149258103397861
1654,0.2959279118544958
1655,0.27933308363002113
1656,0.2653665722530265
1657,0.25422259916282325
1658,0.24606231428539757
1659,0.2410121267874286
1660,0.23916242896923062
1661,0.24056672490264752
1662,0.2452411709042749
1663,0.25316453036719855
1664,0.2642785409087289
1665,0.278488687272125
1666,0.2956653690039098
1667,0.3156454476580133
1668,0.33823415419987524
1669,0.36320733344754985
1670,0.39031399882594203
1671,0.4192791674681918
1672,0.4498069428062937
1673,0.4815838092828264
1674,0.5142821017099868
1675,0.5475636101260507
1676,0.5810832797644465
1677,0.6144929649730565
1678,0.647445195599279
1679,0.6795969145016156
1680,0.44882225545640436
1681,0.4836671655885888
1682,0.5169115866102598
1683,0.5482173923906979
1684,0.5772735457988619
1685,0.6037992008132
1686,0.6275464506159252
1687,0.6483026943624742
1688,0.6658925996046127
1689,0.6801796418604182
1690,0.6910672075179821
1691,0.6984992510792619
1692,0.7024605026426508
1693,0.7029762264347731
1694,0.7001115360796104
1695,0.6939702770826619
1696,0.684693491658772
1697,0.672457485493047
1698,0.6574715202480849
1699,0.639975159572234
1700,0.6202352999794222
1701,0.5985429212278595
1702,0.5752095936805653
1703,0.5505637825671129
1704,0.5249469910452482
1705,0.49870978547697414
1706,0.4722077473621175
1707,0.4457973969081804
1708,0.41983213325704255
1709,0.394658235934251
1710,0.37061097114704733
1711,0.3480108451426901
1712,0.3271600449693848
1713,0.30833910467929876
1714,0.2918038323053144
1715,0.2777825298627258
1716,0.266473535208616
1717,0.2580431108756887
1718,0.2526237010264893
1719,0.2503125734928237
1720,0.25117085952125257
1721,0.2552229993882202
1722,0.2624565975268834
1723,0.27282268627251155
1724,0.2862363928354655
1725,0.3025779996977571
1726,0.321694384352818
1727,0.34340082021130025
1728,0.3674831166245747
1729,0.39370007237547877
1730,0.4217862136873649
1731,0.45145478484486856
1732,0.48240095693573737
1733,0.5143052180334265
1734,0.5468369063731858
1735,0.5796578467445898
1736,0.612426049439637
1737,0.6447994306749485
1738,0.6764395134350886
1739,0.707015068179257
1740,0.4640980800385312
1741,0.4974394876033886
1742,0.5289987726647662
1743,0.5584604834479616
1744,0.5855379952292478
1745,0.6099763344023679
1746,0.6315546330692743
1747,0.6500881900782133
1748,0.6654301188495098
1749,0.6774725669360647
1750,0.6861474970134089
1751,0.691427023829897
1752,0.6933233065173147
1753,0.6918880005130859
1754,0.6872112781246325
1755,0.6794204314216826
1756,0.668678075623383
1757,0.6551799754056321
1758,0.6391525205441283
1759,0.6208498809895953
1760,0.6005508748000868
1761,0.5785555853036369
1762,0.5551817663933221
1763,0.5307610769496223
1764,0.5056351870124105
1765,0.4801517994783378
1766,0.45466063176337584
1767,0.42950940204371424
1768,0.4050398643684689
1769,0.3815839361339758
1770,0.3594599601298532
1771,0.3389691416309494
1772,0.320392198836356
1773,0.3039862623741405
1774,0.28998205662809906
1775,0.27858139233644547
1776,0.26995499629951103
1777,0.26424070015570983
1778,0.26154200608734596
1779,0.26192704304606806
1780,0.2654279226901366
1781,0.2720404997525701
1782,0.2817245370589187
1783,0.2944042709377708
1784,0.3099693683645606
1785,0.32827626289778594
1786,0.34914985235521906
1787,0.37238553727902457
1788,0.3977515755942747
1789,0.4249917255184618
1790,0.45382814575930924
1791,0.4839645193838579
1792,0.5150893654725544
1793,0.5468795008189958
1794,0.5790036125124055
1795,0.6111259012587906
1796,0.6429097547719673
1797,0.6740214104928447
1798,0.7041335672786839
1799,0.7329289065345864
1800,0.4783209216540008
1801,0.5100478051215984
1802,0.5398280251082572
1803,0.5673699635184724
1804,0.59241235939388
1805,0.6147268444298266
1806,0.6341200959395363
1807,0.6504355865107565
1808,0.6635549141174434
1809,0.6733987011219597
1810,0.679927055376432
1811,0.6831395914561534
1812,0.6830750148772476
1813,0.6798102769136736
1814,0.673459312283828
1815,0.6641713764718018
1816,0.6521290037364946
1817,0.6375456108954946
1818,0.6206627757077161
1819,0.6017472220790118
1820,0.5810875473427233
1821,0.5589907294919007
1822,0.5357784544321699
1823,0.5117833050650448
1824,0.487344855282156
1825,0.4628057127391375
1826,0.4385075545794154
1827,0.414787200091053
1828,0.39197276360658884
1829,0.37037992981109114
1830,0.35030839201774205
1831,0.3320384919250789
1832,0.31582809691246605
1833,0.3019097480853323
1834,0.29048810908708605
1835,0.28173774218522835
1836,0.2758012343553238
1837,0.2727876920736099
1838,0.27277161933052024
1839,0.275792189042261
1840,0.2818529136144637
1841,0.29092171594983923
1842,0.30293139774150796
1843,0.31778049750300474
1844,0.3353345265065408
1845,0.3554275666755685
1846,0.37786421055407093
1847,0.40242181979834973
1848,0.4288530752375717
1849,0.45688878847768155
1850,0.48624094229625486
1851,0.5166059247373891
1852,0.5476679198739317
1853,0.5791024166954707
1854,0.6105797965034376
1855,0.641768958569394
1856,0.6723409436403206
1857,0.7019725151533884
1858,0.7303496587478827
1859,0.7571709618249086
1860,0.49142768986711566
1861,0.5214413656621999
1862,0.5493617407256663
1863,0.5749220363951206
1864,0.5978871456531272
1865,0.6180558713403467
1866,0.6352627711886779
1867,0.6493795923089462
1868,0.6603162823604602
1869,0.6680215693387906
1870,0.672483106690445
1871,0.6737271852473763
1872,0.6718180182156374
1873,0.6668566101016999
1874,0.6589792249640039
1875,0.6483554736889345
1876,0.6351860440620128
1877,0.6197001011937047
1878,0.6021523893238288
1879,0.5828200691330775
1880,0.5619993274016515
1881,0.540001798145534
1882,0.5171508362076213
1883,0.4937776856647443
1884,0.4702175863205239
1885,0.44680586197950156
1886,0.4238740341382314
1887,0.40174600418667816
1888,0.3807343461968655
1889,0.3611367508999003
1890,0.3432326595336059
1891,0.3272801239067988
1892,0.31351292630057104
1893,0.3021379897413079
1894,0.2933331057754555
1895,0.2872450031866907
1896,0.2839877771684891
1897,0.28364169434159614
1898,0.2862523847347592
1899,0.2918304274765791
1900,0.300351332524009
1901,0.31175591633150285
1902,0.32595106498990106
1903,0.34281087408722755
1904,0.36217815040999995
1905,0.38386625665969565
1906,0.40766127664771057
1907,0.4333244749929132
1908,0.46059502221755677
1909,0.4891929533487947
1910,0.5188223257230785
1911,0.5491745396691246
1912,0.579931784149942
1913,0.6107705682775786
1914,0.6413652988912687
1915,0.6713918641207443
1916,0.7005311830313962
1917,0.7284726820755276
1918,0.7549176601319966
1919,0.7795825054005128
1920,0.5033637781999472
1921,0.5315784557314288
1922,0.5575717974150382
1923,0.5811027106164941
1924,0.6019628669571492
1925,0.6199786362716607
1926,0.6350126192575171
1927,0.6469647648890741
1928,0.6557730633089174
1929,0.6614138096272668
1930,0.6639014388033241
1931,0.6632879364990985
1932,0.6596618354336131
1933,0.6531468112740924
1934,0.6438998964302752
1935,0.6321093342221463
1936,0.6179920997261689
1937,0.6017911171285466
1938,0.5837722065899643
1939,0.5642207964192753
1940,0.543438438737274
1941,0.5217391687594197
1942,0.49944574931851027
1943,0.4768858432740945
1944,0.45438815700014296
1945,0.4322785982066765
1946,0.41087649093665546
1947,0.39049088968837814
1948,0.3714170332649835
1949,0.3539329771583715
1950,0.338296441059382
1951,0.3247419054764177
1952,0.31347798847026637
1953,0.3046851302103038
1954,0.2985136094639146
1955,0.2950819122887339
1956,0.2944754691501686
1957,0.2967457724808952
1958,0.3019098823826108
1959,0.309950323790473
1960,0.3208153740300452
1961,0.334419735340042
1962,0.35064558266266227
1963,0.36934397286543397
1964,0.39033659759642925
1965,0.413417858233796
1966,0.43835723791264747
1967,0.46490194243346744
1968,0.4927797790094962
1969,0.5217022393289391
1970,0.5513677513159789
1971,0.5814650622921409
1972,0.6116767149865285
1973,0.6416825770292639
1974,0.6711633841940359
1975,0.699804257737096
1976,0.7272981567054692
1977,0.7533492270464955
1978,0.7776760107404057
1979,0.8000144799644964
1980,0.5140834082289216
1981,0.5404266626083883
1982,0.5644397296000705
1983,0.5859078854047217
1984,0.6046500362033813
1985,0.6205203427474101
1986,0.6334094380466844
1987,0.6432452276956392
1988,0.6499932670358777
1989,0.6536567140533059
1990,0.6542758615940061
1991,0.6519272571050678
1992,0.6467224226144243
1993,0.6388061920058961
1994,0.6283546867783306
1995,0.6155729553519629
1996,0.6006923045634089
1997,0.5839673552316659
1998,0.565672856548195
1999,0.5461002965151817
2000,0.525554347698638
2001,0.5043491891635054
2002,0.48280474658900524
2003,0.4612428932294717
2004,0.4399836545664432
2005,0.419341459207926
2006,0.3996214778239131
2007,0.381116090681972
2008,0.36410152267474777
2009,0.34883468263553463
2010,0.3355502412428359
2011,0.3244579789499189
2012,0.31574043217618963
2013,0.30955086249832753
2014,0.3060115698235543
2015,0.3052125665572353
2016,0.3072106256378304
2017,0.3120287110509736
2018,0.3196557951004385
2019,0.33004706235404097
2020,0.343124495848127
2021,0.3587778368719194
2022,0.3768659055113614
2023,0.397218265155687
2024,0.41963721040472896
2025,0.4439000542993776
2026,0.46976168757146813
2027,0.49695737970884335
2028,0.5252057890831092
2029,0.5542121472238781
2030,0.5836715805622306
2031,0.6132725316271816
2032,0.6427002407759388
2033,0.6716402490782412
2034,0.6997818829585083
2035,0.7268216816311668
2036,0.7524667292274174
2037,0.7764378548035099
2038,0.7984726651180873
2039,0.8183283771506075
2040,0.523549915110773
2041,0.5479630747030528
2042,0.5699568400728
2043,0.589343371631681
2044,0.605969094980548
2045,0.6197160128856077
2046,0.6305026073147677
2047,0.638284324548403
2048,0.6430536410301819
2049,0.6448397122751844
2050,0.6437076117551583
2051,0.6397571711827298
2052,0.6331214379670209
2053,0.6239647697683495
2054,0.6124805899894087
2055,0.5988888316677012
2056,0.5834331005351663
2057,0.5663775909543064
2058,0.5480037909926934
2059,0.5286070150337407
2060,0.5084928040190515
2061,0.48797323465921116
2062,0.46736317972525365
2063,0.446976561834039
2064,0.4271226429670464
2065,0.4081023913190905
2066,0.3902049659672878
2067,0.3737043583002292
2068,0.35885622716758186
2069,0.3458949623297175
2070,0.3350310080302413
2071,0.32644847541655364
2072,0.32030306913076684
2073,0.3167203497233545
2074,0.31579434964960074
2075,0.31758655653708245
2076,0.32212527320866086
2077,0.32940535965651313
2078,0.33938835783886917
2079,0.3520029958587318
2080,0.3671460638335033
2081,0.3846836496222717
2082,0.404452718590279
2083,0.42626301780041115
2084,0.4498992814741264
2085,0.47512371129511355
2086,0.5016787021726461
2087,0.529289781475767
2088,0.5576687275133878
2089,0.586516831199772
2090,0.6155282634237073
2091,0.644393509650191
2092,0.6728028327322053
2093,0.7004497248023592
2094,0.7270343094503896
2095,0.7522666561621649
2096,0.7758699701939863
2097,0.79758362266401
2098,0.8171659876368964
2099,0.8343970553420725
2100,0.5317359726766914
2101,0.5541744191559151
2102,0.5741242474843928
2103,0.591424847594767
2104,0.6059502770509889
2105,0.6176102590463212
2106,0.6263507699848092
2107,0.6321542131231535
2108,0.6350391793646412
2109,0.6350598008750745
2110,0.6323047076821402
2111,0.6268956017755347
2112,0.6189854673962066
2113,0.6087564401459707
2114,0.5964173612174903
2115,0.5822010464038954
2116,0.5663613025559199
2117,0.5491697267863942
2118,0.5309123259434211
2119,0.5118859956671693
2120,0.4923948996893226
2121,0.47274679091758537
2122,0.4532493162608652
2123,0.4342063470949051
2124,0.4159143767406976
2125,0.3986590253425962
2126,0.3827116910979757
2127,0.3683263849279307
2128,0.3557367834083383
2129,0.34515353213158934
2130,0.33676182867329224
2131,0.33071931102892094
2132,0.32715427380295853
2133,0.32616423061795813
2134,0.3278148372072921
2135,0.33213918550991306
2136,0.33913747484409623
2137,0.34877706194833275
2138,0.36099288739206065
2139,0.3756882716202664
2140,0.3927360697573973
2141,0.4119801702985156
2142,0.43323731900685736
2143,0.4562992457589451
2144,0.4809350687673081
2145,0.5068939476069816
2146,0.533907953805427
2147,0.5616951254549002
2148,0.5899626703955366
2149,0.6184102810198209
2150,0.6467335226740387
2151,0.6746272569935603
2152,0.701789061312621
2153,0.7279226055312614
2154,0.7527409485029659
2155,0.7759697171118224
2156,0.7973501327263184
2157,0.8166418516273856
2158,0.8336255882887098
2159,0.8481054930087837
2160,0.5386237566212658
2161,0.559057135749008
2162,0.5769528691130935
2163,0.592177749799315
2164,0.6046334073395534
2165,0.6142569922540917
2166,0.6210214522528686
2167,0.6249354000024326
2168,0.6260425769166323
2169,0.6244209219065237
2170,0.6201812583801177
2171,0.6134656169674487
2172,0.6044452154149587
2173,0.5933181208018996
2174,0.580306622640571
2175,0.5656543484955051
2176,0.5496231564581257
2177,0.53248984112161
2178,0.5145426915818387
2179,0.4960779414339572
2180,0.47739615172153627
2181,0.4587985683184393
2182,0.44058349527815066
2183,0.42304272527514347
2184,0.4064580673908074
2185,0.39109801117796456
2186,0.37721456418812793
2187,0.36504029798544374
2188,0.3547856351287425
2189,0.34663640670669077
2190,0.3407517067961457
2191,0.3372620667169891
2192,0.3362679682199604
2193,0.33783871080896055
2194,0.3420116443123126
2195,0.3487917736246399
2196,0.35815173829073194
2197,0.3700321653424055
2198,0.3843423895777314
2199,0.4009615313360096
2200,0.41973991781951436
2201,0.4405008301852574
2202,0.4630425550239526
2203,0.4871407154956536
2204,0.5125508543391585
2205,0.5390112382511135
2206,0.5662458507648347
2207,0.5939675387804243
2208,0.6218812763221125
2209,0.6496875079417253
2210,0.6770855334660904
2211,0.7037768955004277
2212,0.7294687312532382
2213,0.7538770508388025
2214,0.7767299052310379
2215,0.7977704084715912
2216,0.8167595805631962
2217,0.8334789796777343
2218,0.8477330948536025
2219,0.8593514732204856
2220,0.544205044709594
2221,0.5626173866060344
2222,0.5784633389518746
2223,0.5916370993593902
2224,0.6020676376080828
2225,0.6097190691344673
2226,0.614590624783541
2227,0.6167162201069015
2228,0.6161636319517279
2229,0.61303329443616
2230,0.6074567305998811
2231,0.5995946400097828
2232,0.589634666343632
2233,0.5777888724301387
2234,0.5642909533555699
2235,0.54939322101699
2236,0.5333633958872385
2237,0.5164812437263159
2238,0.4990350965100094
2239,0.48131829793543573
2240,0.46362561449044953
2241,0.4462496532391073
2242,0.42947732717496756
2243,0.4135864082361068
2244,0.3988422068690993
2245,0.385494415389624
2246,0.3737741503366976
2247,0.36389122657814
2248,0.3560316931282273
2249,0.3503556575160926
2250,0.3469954221330327
2251,0.3460539523271863
2252,0.34760369214825726
2253,0.3516857396172604
2254,0.35830938925294425
2255,0.36745204537448606
2256,0.37905950546840694
2257,0.3930466087024989
2258,0.40929824054093844
2259,0.427670680404888
2260,0.44799327548366874
2261,0.47007042016632594
2262,0.49368381718228194
2263,0.5185949934422326
2264,0.5445480407954107
2265,0.5712725494941276
2266,0.5984867001083135
2267,0.6259004779845416
2268,0.6532189731088762
2269,0.6801457274276785
2270,0.7063860913108615
2271,0.7316505509074452
2272,0.7556579886476447
2273,0.7781388400747573
2274,0.7988381115346876
2275,0.8175182249965249
2276,0.8339616583952242
2277,0.8479733523609938
2278,0.8593828569908242
2279,0.8680461953997257
2280,0.5484812533292354
2281,0.5648710015699591
2282,0.5786858615715649
2283,0.5898472650399491
2284,0.5983111203997921
2285,0.6040678794968496
2286,0.6071422076546589
2287,0.6075922636747614
2288,0.6055086007129773
2289,0.6010127031627696
2290,0.5942551786851915
2291,0.585413628298629
2292,0.5746902209401019
2293,0.5623090020929413
2294,0.5485129689129439
2295,0.5335609467409984
2296,0.5177243039434104
2297,0.5012835436479992
2298,0.4845248121272871
2299,0.46773636431071414
2300,0.45120502717815064
2301,0.43521270159459674
2302,0.4200329424978291
2303,0.4059276562541374
2304,0.39314395246637074
2305,0.3819111855735372
2306,0.37243821924514325
2307,0.3649109438740761
2308,0.35949007444171277
2309,0.3563092527034703
2310,0.3554734740610526
2311,0.3570578556904289
2312,0.36110675852692187
2313,0.36763327161490805
2314,0.37661906315781096
2315,0.38801459840162544
2316,0.40173972029761723
2317,0.41768458477035464
2318,0.43571093840356667
2319,0.45565372250346936
2320,0.4773229838410586
2321,0.5005060689605609
2322,0.5249700758000332
2323,0.5504645335459624
2324,0.5767242791587613
2325,0.603472496892901
2326,0.6304238854156861
2327,0.6572879158172243
2328,0.683772142918728
2329,0.7095855318333945
2330,0.7344417617147216
2331,0.7580624690456447
2332,0.7801803936652312
2333,0.8005423919925465
2334,0.8189122835679675
2335,0.8350734990761908
2336,0.8488315004120717
2337,0.8600159460756664
2338,0.8684825782018344
2339,0.8741148108066907
2340,0.5514634101217202
2341,0.5658433595578578
2342,0.5776600026255232
2343,0.5868616643687843
2344,0.5934306232322418
2345,0.5973828770763152
2346,0.5987675220744502
2347,0.597665754294815
2348,0.5941895079695403
2349,0.588479748476543
2350,0.58070444185951
2351,0.5710562262480211
2352,0.5597498137724143
2353,0.5470191544655078
2354,0.5331143961682491
2355,0.5182986765886416
2356,0.502844785374967
2357,0.48703173534183175
2358,0.47114128281474177
2359,0.45545443743157665
2360,0.44024800165321043
2361,0.42579117969234903
2362,0.4123422945817528
2363,0.4001456506772619
2364,0.3894285770510152
2365,0.38039868499418267
2366,0.37324137024637083
2367,0.36811758762900143
2368,0.3651619225191918
2369,0.36448098009550817
2370,0.3661521095585953
2371,0.37022247662153057
2372,0.3767084935219721
2373,0.38559561167582773
2374,0.3968384779201737
2375,0.41036145112634725
2376,0.42605947185083076
2377,0.44379927368080596
2378,0.4634209210623478
2379,0.48473965472239344
2380,0.5075480223485407
2381,0.5316182690100704
2382,0.5567049589302084
2383,0.5825477976774777
2384,0.6088746216705346
2385,0.6354045200971519
2386,0.66185105296761
2387,0.6879255280550226
2388,0.7133402989433053
2389,0.7378120462999864
2390,0.7610650048272738
2391,0.7828340991022268
2392,0.8028679527004184
2393,0.82093173657574
2394,0.8368098246387558
2395,0.8503082267995231
2396,0.8612567723993192
2397,0.8695110199145624
2398,0.8749538720382095
2399,0.8774968786969655
2400,0.5531720628381603
2401,0.565569206602681
2402,0.5754344172684083
2403,0.5827424046424406
2404,0.5875010854007782
2405,0.5897510563117843
2406,0.5895646922370456
2407,0.5870448818148116
2408,0.5823234177645502
2409,0.5755590625734804
2410,0.5669353138966414
2411,0.5566578972816627
2412,0.5449520167805214
2413,0.5320593966030684
2414,0.5182351491733955
2415,0.5037445067434085
2416,0.48885945508461737
2417,0.4738553087009708
2418,0.45900726747727427
2419,0.4445869946920189
2420,0.4308592558863468
2421,0.4180786571955418
2422,0.4064865204282389
2423,0.3963079304408596
2424,0.38774898821701503
2425,0.38099430055461597
2426,0.37620473441356667
2427,0.373515460818872
2428,0.3730343097856699
2429,0.37484045407264316
2430,0.3789834357218468
2431,0.3854825453504041
2432,0.39432656006920797
2433,0.4054738417607823
2434,0.4188527933043471
2435,0.43436266623148967
2436,0.4518747092854512
2437,0.47123364347859614
2438,0.4922594455449538
2439,0.5147494182080012
2440,0.5384805224659999
2441,0.5632119441742518
2442,0.5886878646113379
2443,0.6146404024757007
2444,0.6407926929051555
2445,0.6668620676516329
2446,0.6925632995057085
2447,0.7176118734505847
2448,0.7417272468426632
2449,0.7646360611669611
2450,0.786075268596044
2451,0.8057951376781507
2452,0.8235621039854546
2453,0.8391614334441101
2454,0.8523996683225563
2455,0.8631068284470276
2456,0.8711383431104643
2457,0.876376692312563
2458,0.8787327393729238
2459,0.8781467405595801
2460,0.5536371249715282
2461,0.5640924116973127
2462,0.5720665181578434
2463,0.5775598660362135
2464,0.5806051201222769
2465,0.5812663783850056
2466,0.5796380010040426
2467,0.5758430942395467
2468,0.5700316688621362
2469,0.5623784964654135
2470,0.5530806903047809
2471,0.5423550403103622
2472,0.5304351345758854
2473,0.5175683019016492
2474,0.5040124118429603
2475,0.49003257016571594
2476,0.4758977486250375
2477,0.4618773885488394
2478,0.4482380178222108
2479,0.4352399205319231
2480,0.42313389774647675
2481,0.4121581566882376
2482,0.40253536391511546
2483,0.3944698960897992
2484,0.3881453195000352
2485,0.38372212673191164
2486,0.3813357558229894
2487,0.38109491386874406
2488,0.38308022346392956
2489,0.38734320657173155
2490,0.39390561647138933
2491,0.40275912438568434
2492,0.4138653632791036
2493,0.4271563271925146
2494,0.4425351203896618
2495,0.4598770465789491
2496,0.4790310245876929
2497,0.49982131315004347
2498,0.5220495239638999
2499,0.5454968989177525
2500,0.569926824421989
2501,0.5950875531302806
2502,0.6207151010412262
2503,0.6465362860456648
2504,0.6722718724607377
2505,0.697639784972773
2506,0.7223583547235692
2507,0.7461495600090762
2508,0.7687422242338061
2509,0.7898751343593073
2510,0.8093000441072197
2511,0.8267845276035573
2512,0.8421146509674037
2513,0.8550974315335225
2514,0.8655630569246406
2515,0.8733668390287419
2516,0.8783908810546205
2517,0.8805454391984189
2518,0.8797699640163772
2519,0.8760338103230263
2520,0.552897659124177
2521,0.5614656619544357
2522,0.5676220850960042
2523,0.5713922293991301
2524,0.5728324651007562
2525,0.5720291500722738
2526,0.5690972033992495
2527,0.5641783530010478
2528,0.5574390796262281
2529,0.5490682829196811
2530,0.5392746983092841
2531,0.5282840961737248
2532,0.5163362970946858
2533,0.5036820389462583
2534,0.4905797331061446
2535,0.47729214817469534
2536,0.4640830602465119
2537,0.4512139089891819
2538,0.43894049854462125
2539,0.42750978158439895
2540,0.41715676373028615
2541,0.4081015640094341
2542,0.4005466650702088
2543,0.39467438456073545
2544,0.3906445963984847
2545,0.38859272766469294
2546,0.3886280535790518
2547,0.3908323094856265
2548,0.39525863505098996
2549,0.40193086198446115
2550,0.4108431525817914
2551,0.4219599923151783
2552,0.43521653558915363
2553,0.45051929970330323
2554,0.4677471980530338
2555,0.48675289970517793
2556,0.5073644987518612
2557,0.5293874733132582
2558,0.5526069107709954
2559,0.5767899728006848
2560,0.6016885710769587
2561,0.6270422221655075
2562,0.6525810481323541
2563,0.6780288878028394
2564,0.7031064824161235
2565,0.7275346986513127
2566,0.7510377516632688
2567,0.7733463908559219
2568,0.79420101164164
2569,0.8133546573761729
2570,0.8305758770093822
2571,0.8456514057373549
2572,0.8583886380568656
2573,0.8686178650868633
2574,0.8761942508026335
2575,0.8809995248945622
2576,0.8829433732780659
2577,0.8819645108069875
2578,0.8780314244374323
2579,0.8711427789100246
2580,0.5510015994679853
2581,0.5577500989851923
2582,0.5621748187423952
2583,0.5643249516708754
2584,0.5642793849286969
2585,0.5621453592658046
2586,0.5580568021780739
2587,0.5521723562233789
2588,0.54467312726773
2589,0.5357601805272156
2590,0.5256518150394246
2591,0.5145806496041748
2592,0.5027905552543057
2593,0.4905334709274364
2594,0.47806614019583826
2595,0.46564680765894806
2596,0.4535319139062539
2597,0.44197282781419756
2598,0.43121265435322786
2599,0.42148315505715794
2600,0.4130018168618861
2601,0.4059691031686622
2602,0.4005659187545608
2603,0.3969513175634284
2604,0.39526047949673915
2605,0.39560297911880055
2606,0.3980613657329908
2607,0.4026900706143771
2608,0.4095146533434391
2609,0.4185313952179128
2610,0.42970724367333574
2611,0.44298010756239653
2612,0.45825949907570873
2613,0.47542751408084416
2614,0.49434013875430866
2615,0.5148288666313278
2616,0.5367026066396274
2617,0.5597498593604122
2618,0.5837411357045719
2619,0.608431589444502
2620,0.6335638326303104
2621,0.6588709008683042
2622,0.6840793337768136
2623,0.7089123346744134
2624,0.7330929727124562
2625,0.7563473902471314
2626,0.7784079782595438
2627,0.7990164830743784
2628,0.8179270084906377
2629,0.8349088787170522
2630,0.849749329173771
2631,0.8622559942731547
2632,0.8722591636909913
2633,0.8796137813643045
2634,0.8842011644659517
2635,0.8859304228778596
2636,0.8847395631733406
2637,0.8805962647856992
2638,0.8734983198406828
2639,0.8634737320227686
2640,0.5480054150451681
2641,0.5530148987766593
2642,0.5558058411883677
2643,0.556450192194857
2644,0.5550480290491594
2645,0.5517259713038689
2646,0.5466352899817193
2647,0.5399497348167414
2648,0.5318631065683519
2649,0.5225866042290473
2650,0.5123459794145
2651,0.5013785323133854
2652,0.4899299852597427
2653,0.47825127125918143
2654,0.4665952756329656
2655,0.4552135693376721
2656,0.444353172466399
2657,0.4342533859441797
2658,0.4251427285006651
2659,0.4172360146507256
2660,0.41073160765396327
2661,0.405808879279128
2662,0.40262590569409806
2663,0.40131742596722847
2664,0.40199308653334287
2665,0.40473599158574675
2666,0.40960157574239714
2667,0.41661681154346564
2668,0.4257797604113863
2669,0.43705947168932613
2670,0.45039623031580156
2671,0.4657021496399405
2672,0.4828621018771297
2673,0.5017349747978331
2674,0.5221552394758192
2675,0.5439348103397332
2676,0.5668651754130353
2677,0.5907197715338971
2678,0.6152565765477083
2679,0.6402208879976314
2680,0.665348255727607
2681,0.6903675340820141
2682,0.7150040180548225
2683,0.7389826268249063
2684,0.7620310976217414
2685,0.78388315280177
2686,0.8042816033791517
2687,0.8229813530460562
2688,0.8397522679161828
2689,0.854381878828972
2690,0.8666778850328924
2691,0.8764704304035255
2692,0.883614126019042
2693,0.887989795881172
2694,0.8895059257962211
2695,0.8880997988843997
2696,0.8837383048239559
2697,0.8764184137179037
2698,0.8661673093520227
2699,0.8530421805477714
2700,0.5439737160378881
2701,0.5473367977111596
2702,0.5486031465258847
2703,0.5478661935182829
2704,0.5452457492923766
2705,0.5408861905038038
2706,0.5349543628062257
2707,0.5276372264178185
2708,0.5191392733329085
2709,0.5096797477297429
2710,0.49948970327829123
2711,0.488808932811894
2712,0.47788280717145665
2713,0.4669590609487145
2714,0.4562845633349977
2715,0.446102112320959
2716,0.43664729009023123
2717,0.4281454166130498
2718,0.42080863718445877
2719,0.4148331779813166
2720,0.41039680165392023
2721,0.4076564925452672
2722,0.40674639837329646
2723,0.40777605215088114
2724,0.41082889479085216
2725,0.4159611152882521
2726,0.42320082162954503
2727,0.43254755169391285
2728,0.44397212942805586
2729,0.45741686754022004
2730,0.47279611391895743
2731,0.4899971349805603
2732,0.508881325236859
2733,0.5292857285925955
2734,0.5510248532751133
2735,0.5738927589087979
2736,0.5976653911096194
2737,0.6221031361319527
2738,0.6469535655738718
2739,0.6719543389791975
2740,0.6968362303751178
2741,0.721326243385201
2742,0.7451507785692285
2743,0.7680388160705448
2744,0.7897250765144098
2745,0.8099531233883791
2746,0.82847837084791
2747,0.84507096202075
2748,0.8595184844134753
2749,0.8716284909390464
2750,0.8812307973599817
2751,0.8881795295525329
2752,0.8923548969119879
2753,0.8936646714036167
2754,0.8920453551818056
2755,0.8874630233103754
2756,0.8799138318796407
2757,0.8694241856858385
2758,0.8560505635718425
2759,0.8398790034791621
2760,0.5389788055006253
2761,0.5407995677169691
2762,0.5406610048659473
2763,0.5386766205653961
2764,0.5349843812630704
2765,0.5297446915212781
2766,0.5231381097082876
2767,0.5153628323442135
2768,0.5066319779284684
2769,0.4971707032926726
2770,0.48721318735166846
2771,0.4769995185468569
2772,0.46677252327384217
2773,0.4567745731515745
2774,0.4472444091165419
2775,0.43841402001240964
2776,0.4305056125983326
2777,0.4237287087268762
2778,0.4182774038598815
2779,0.41432781911671357
2780,0.41203577670764174
2781,0.4115347259234962
2782,0.41293394386265914
2783,0.4163170318130579
2784,0.42174072470796004
2785,0.42923402738157485
2786,0.43879768750516324
2787,0.45040401113288225
2788,0.46399702277347354
2789,0.4794929678756402
2790,0.49678115161840347
2791,0.5157251039787466
2792,0.5361640572523999
2793,0.5579147185723063
2794,0.580773316547826
2795,0.6045178979708912
2796,0.6289108476417483
2797,0.6537016017922307
2798,0.6786295233501958
2799,0.7034269054291181
2800,0.7278220679572189
2801,0.7515425112984239
2802,0.7743180900743095
2803,0.7958841701829413
2804,0.8159847322208362
2805,0.834375385154266
2806,0.8508262551417338
2807,0.8651247158695722
2808,0.8770779286134412
2809,0.8865151624506749
2810,0.8932898676057345
2811,0.897281477774248
2812,0.8983969204144386
2813,0.8965718173768095
2814,0.8917713618266073
2815,0.8839908611577296
2816,0.8732559394560817
2817,0.8596223970028708
2818,0.8431757282662745
2819,0.8240303037692279
2820,0.5331001794003908
2821,0.5334934438677496
2822,0.5320793235624242
2823,0.5289898623397529
2824,0.5243794940921089
2825,0.5184228253593547
2826,0.5113121838295345
2827,0.5032549628502087
2828,0.4944707943468046
2829,0.48518858444139157
2830,0.4756434475584573
2831,0.46607357588252235
2832,0.4567170816779992
2833,0.4478088501945983
2834,0.43957744065460197
2835,0.43224207215974975
2836,0.4260097302695769
2837,0.42107242850703575
2838,0.4176046571557196
2839,0.4157610494513393
2840,0.4156742926631423
2841,0.41745330864014224
2842,0.4211817251968192
2843,0.42691665626991676
2844,0.4346878051330262
2845,0.4444969011508166
2846,0.4563174766341974
2847,0.47009498636609176
2848,0.48574726835389614
2849,0.5031653403698265
2850,0.5222145229175242
2851,0.542735875450562
2852,0.5645479290160584
2853,0.5874486950404381
2854,0.6112179267599195
2855,0.6356196068576484
2856,0.6604046322390992
2857,0.6853136645855081
2858,0.710080113401167
2859,0.7344332167288964
2860,0.7581011835787805
2861,0.7808143613943638
2862,0.8023083915940963
2863,0.8223273163600661
2864,0.8406266004118479
2865,0.8569760324864055
2866,0.8711624726361641
2867,0.8829924132408081
2868,0.8922943237813713
2869,0.8989207519253438
2870,0.9027501562868352
2871,0.9036884493257799
2872,0.9016702321979116
2873,0.896659706924518
2874,0.888651254975833
2875,0.8776696752124092
2876,0.8637700780596352
2877,0.8470374367567636
2878,0.8275858004777241
2879,0.8055571780207137
2880,0.5264239781422001
2881,0.5255145080546739
2882,0.5229629696749855
2883,0.5189183005566722
2884,0.5135496132743451
2885,0.5070438050197819
2886,0.4996029599507988
2887,0.49144157605689603
2888,0.4827836502671267
2889,0.4738596570904531
2890,0.46490345723177634
2891,0.4561491733544289
2892,0.44782807045373
2893,0.44016547816636303
2894,0.4333777917654968
2895,0.42766958759294854
2896,0.4232308872661071
2897,0.42023460318868383
2898,0.4188341957099584
2899,0.4191615697440562
2900,0.4213252358083401
2901,0.42540875730153005
2902,0.4314695024543595
2903,0.43953771578832906
2904,0.4496159201521508
2905,0.4616786565159343
2906,0.4756725647340105
2907,0.4915168044849387
2908,0.5091038116082272
2909,0.5283003811264129
2910,0.5489490644160094
2911,0.570869864313903
2912,0.593862208458176
2913,0.6177071779086097
2914,0.6421699651045818
2915,0.6670025325339696
2916,0.6919464411366357
2917,0.716735815475758
2918,0.7411004111038726
2919,0.7647687483444915
2920,0.7874712759221729
2921,0.8089435275055157
2922,0.828929234292912
2923,0.847183357257689
2924,0.8634750035832748
2925,0.877590193139283
2926,0.8893344425668753
2927,0.898535136634798
2928,0.9050436589719146
2929,0.9087372570473585
2930,0.9095206193285451
2931,0.9073271458596162
2932,0.9021198970335252
2933,0.8938922090380651
2934,0.8826679682969727
2935,0.8685015411573727
2936,0.8514773590495576
2937,0.8317091633177125
2938,0.8093389178459469
2939,0.7845354014367105
2940,0.5190423930703051
2941,0.5169640326398293
2942,0.5134210579565416
2943,0.5085775498235018
2944,0.502615421493892
2945,0.49573187592941226
2946,0.4881366838840143
2947,0.48004931598334544
2948,0.4716959636049279
2949,0.46330648459005824
2950,0.4551113106245389
2951,0.447338353500425
2952,0.44020994741318376
2953,0.43393986395949097
2954,0.428730435583901
2955,0.4247698218936069
2956,0.4222294515301642
2957,0.42126167018051663
2958,0.4219976228483338
2959,0.42454539572158956
2960,0.42898843989478835
2961,0.43538429587083344
2962,0.44376363421678
2963,0.4541296240209353
2964,0.4664576369392119
2965,0.48069529067106714
2966,0.4967628317159388
2967,0.5145538532741094
2968,0.5339363402220522
2969,0.5547540292492036
2970,0.5768280685459487
2971,0.5999589579107382
2972,0.6239287468540694
2973,0.6485034652392506
2974,0.6734357582655444
2975,0.6984676951888543
2976,0.7233337191190782
2977,0.7477637035625139
2978,0.7714860800950509
2979,0.7942310006948692
2980,0.815733497816647
2981,0.8357366052811017
2982,0.8539944034666255
2983,0.8702749531299107
2984,0.8843630834337513
2985,0.8960630014132427
2986,0.9052006921412912
2987,0.9116260812451517
2988,0.9152149341406073
2989,0.915870469368223
2990,0.9135246666931892
2991,0.9081392541346012
2992,0.8997063617792608
2993,0.8882488340662943
2994,0.8738201961590002
2995,0.856504274003493
2996,0.836414471664055
2997,0.813692713477049
2998,0.7885080624327031
2999,0.7610550299331373
3000,0.511053031726091
3001,0.5079477882589237
3002,0.50356620887678
3003,0.4980856741742359
3004,0.49169894248670865
3005,0.48461147638026864
3006,0.4770386190736785
3007,0.46920265512427045
3008,0.4613297910071625
3009,0.45364709209890375
3010,0.4463794130320333
3011,0.43974635840997395
3012,0.4339593104643521
3013,0.42921855940330017
3014,0.42571057094968295
3015,0.42360542391774036
3016,0.4230544486448778
3017,0.42418809470559465
3018,0.42711405361530436
3019,0.4319156592145436
3020,0.43865058514415745
3021,0.44734985531729277
3022,0.4580171796053252
3023,0.4706286231254347
3024,0.48513261359060267
3025,0.5014502872058938
3026,0.5194761696115191
3027,0.5390791844312856
3028,0.5601039781311705
3029,0.5823725461669814
3030,0.6056861418518211
3031,0.629827446039482
3032,0.6545629726392075
3033,0.6796456821870468
3034,0.7048177732296161
3035,0.7298136191582701
3036,0.7543628163867193
3037,0.7781933084193348
3038,0.8010345494169407
3039,0.822620670352769
3040,0.8426936107632756
3041,0.8610061794391732
3042,0.8773250081674917
3043,0.8914333638193669
3044,0.9031337856628857
3045,0.9122505167506759
3046,0.9186317005653499
3047,0.9221513167725084
3048,0.9227108329059502
3049,0.9202405520519584
3050,0.9147006400776297
3051,0.9060818196190786
3052,0.8944057218676222
3053,0.87972489112173
3054,0.8621224410648207
3055,0.8417113657373438
3056,0.8186335121499256
3057,0.7930582253878798
3058,0.7651806808395507
3059,0.7352199217991072
3060,0.5025582459112209
3061,0.49857532017507333
3062,0.49351378138978785
3063,0.48756238492263027
3064,0.4809227131074364
3065,0.47380639329714364
3066,0.4664321958094231
3067,0.45902304700487456
3068,0.45180299369297283
3069,0.44499415559347894
3070,0.43881370268454273
3071,0.4334708939416092
3072,0.4291642132183463
3073,0.42607863685126546
3074,0.42438306599624387
3075,0.42422795474797587
3076,0.4257431627735662
3077,0.42903605853759647
3078,0.4341898962378672
3079,0.44126248634381354
3080,0.4502851761702623
3081,0.46126215326809533
3082,0.47417008061314475
3083,0.4889580686685247
3084,0.5055479854303707
3085,0.5238351015861781
3086,0.5436890639677974
3087,0.564955186610369
3088,0.587456044981478
3089,0.6109933553622287
3090,0.6353501179893183
3091,0.6602929994385603
3092,0.6855749268865323
3093,0.7109378643584776
3094,0.7361157388870884
3095,0.760837482695237
3096,0.7848301560948586
3097,0.8078221147818601
3098,0.8295461846167944
3099,0.8497428068160117
3100,0.8681631167450625
3101,0.8845719201980061
3102,0.8987505321598017
3103,0.9104994445665395
3104,0.9196407914883216
3105,0.9260205824344898
3106,0.9295106771005656
3107,0.930010477805334
3108,0.9274483190759981
3109,0.9217825372897144
3110,0.9130022069321244
3111,0.901127533847128
3112,0.8862098997815224
3113,0.8683315565292419
3114,0.8476049720070412
3115,0.8241718345986213
3116,0.7982017260441303
3117,0.7698904769783574
3118,0.7394582228905153
3119,0.7071471817528309
3120,0.4936644268451463
3121,0.48895919779136743
3122,0.48338108532203194
3123,0.47712822492607737
3124,0.47040894885275825
3125,0.4634389186874578
3126,0.45643816844870605
3127,0.4496280940959812
3128,0.44322842594711703
3129,0.43745422068500983
3130,0.4325129093866602
3131,0.4286014373333924
3132,0.425903530270273
3133,0.4245871202855878
3134,0.4248019625971542
3135,0.42667747228180064
3136,0.430320807394559
3137,0.4358152220246317
3138,0.4432187096598085
3139,0.4525629538165037
3140,0.4638525992785424
3141,0.4770648535160096
3142,0.49214942397034894
3143,0.5090287929369625
3144,0.5275988277990544
3145,0.5477297204122986
3146,0.569267245554252
3147,0.5920343245803367
3148,0.615832876815154
3149,0.6404459377930584
3150,0.6656400202874379
3151,0.6911676911691913
3152,0.7167703345475833
3153,0.7421810693969144
3154,0.7671277879923297
3155,0.7913362799834335
3156,0.8145334058499544
3157,0.8364502828134306
3158,0.85682544604128
3159,0.8754079481681385
3160,0.8919603607792473
3161,0.9062616425417851
3162,0.918109840122093
3163,0.9273245898720585
3164,0.9337493904883268
3165,0.937253619415205
3166,0.937734268649067
3167,0.9351173787756084
3168,0.9293591534940849
3169,0.9204467405171898
3170,0.9083986685385019
3171,0.8932649338893314
3172,0.8751267345166381
3173,0.8540958529593101
3174,0.8303136940332954
3175,0.8039499869116771
3176,0.7752011651583177
3177,0.7442884419954983
3178,0.7114556016211456
3179,0.6769665306877474
3180,0.4844812719216741
3181,0.47921424210678526
3182,0.4732865783940405
3183,0.46690374444699295
3184,0.4602787081452751
3185,0.4536290121358705
3186,0.44717378601068236
3187,0.4411307363893887
3188,0.4357131514455025
3189,0.43112695624444225
3190,0.42756785466721664
3191,0.42521859267909773
3192,0.4242463762816552
3193,0.4248004756740455
3194,0.42701004496790324
3195,0.4309821842735282
3196,0.43680026813362755
3197,0.4445225611564936
3198,0.45418113833045154
3199,0.4657811239236811
3200,0.4793002591302284
3201,0.4946888047568958
3202,0.5118697813029476
3203,0.5307395448077532
3204,0.5511686928814021
3205,0.573003291431073
3206,0.5960664088001272
3207,0.6201599403905762
3208,0.6450667033842434
3209,0.6705527779555327
3210,0.696370068416188
3211,0.7222590550813632
3212,0.7479517053360949
3213,0.7731745104251241
3214,0.7976516129270652
3215,0.8211079887081564
3216,0.8432726464087306
3217,0.8638818071962308
3218,0.882682027634431
3219,0.8994332290599082
3220,0.9139115978302333
3221,0.9259123221875464
3222,0.9352521332676236
3223,0.9417716199436775
3224,0.9453372897123192
3225,0.9458433506704247
3226,0.9432131927701302
3227,0.9374005499329287
3228,0.9283903282201581
3229,0.9161990890504028
3230,0.9008751803832611
3231,0.8824985128086241
3232,0.8611799815440898
3233,0.8370605394046442
3234,0.8103099298210247
3235,0.7811250929015365
3236,0.7497282613080002
3237,0.7163647663124243
3238,0.68130057776728
3239,0.6448196048283156
3240,0.4751210277548928
3241,0.4694567360475945
3242,0.4633490529950767
3243,0.45700867386240934
3244,0.450651060701337
3245,0.4444934746808033
3246,0.4387519814327912
3247,0.4336384658193619
3248,0.4293576924341471
3249,0.4261044476343105
3250,0.42406079796110724
3251,0.42339349846061003
3252,0.42425158267528007
3253,0.4267641639632854
3254,0.43103847533855316
3255,0.4371581722401927
3256,0.44518191956670133
3257,0.4551422809833276
3258,0.46704492497005134
3259,0.48086815836129665
3260,0.49656279428275096
3261,0.5140523574568181
3262,0.5332336258755285
3263,0.553977503868854
3264,0.5761302176816151
3265,0.5995148208483816
3266,0.6239329929778538
3267,0.6491671120610722
3268,0.6749825771479876
3269,0.7011303552266389
3270,0.7273497234305721
3271,0.7533711753187375
3272,0.7789194579506711
3273,0.8037167048383145
3274,0.8274856286169128
3275,0.8499527364565895
3276,0.8708515308374077
3277,0.889925658350374
3278,0.9069319696519574
3279,0.9216434545992236
3280,0.9338520179041776
3281,0.9433710623664648
3282,0.950037848844331
3283,0.9537156045897519
3284,0.9542953543701324
3285,0.9516974518987794
3286,0.9458727924635627
3287,0.9368036912379588
3288,0.9245044155422252
3289,0.9090213632506252
3290,0.890432883568719
3291,0.868848740486668
3292,0.8444092233045863
3293,0.8172839126746209
3294,0.7876701145695885
3295,0.7557909784190173
3296,0.7218933193100704
3297,0.6862451675890775
3298,0.6491330723796099
3299,0.6108591884189433
3300,0.46569771436173135
3301,0.45980362272172376
3302,0.453686817903501
3303,0.4475610985017758
3304,0.4416422652917583
3305,0.43614513935112914
3306,0.4312805846773497
3307,0.4272525715681295
3308,0.4242553165921209
3309,0.4224705341151255
3310,0.42206483307385695
3311,0.42318729102019725
3312,0.4259672354113567
3313,0.4305122597204163
3314,0.43690649921373226
3315,0.4452091882188196
3316,0.45545351742291745
3317,0.467645806236373
3318,0.4817650015668413
3319,0.49776251052330095
3320,0.5155623706449578
3321,0.5350617572781677
3322,0.5561318237477647
3323,0.5786188660346828
3324,0.6023457998252394
3325,0.6271139340845263
3326,0.6527050217675947
3327,0.678883564962489
3328,0.7053993486950665
3329,0.7319901748513105
3330,0.758384765227813
3331,0.7843058006250432
3332,0.8094730611825189
3333,0.8336066318393944
3334,0.8564301359007773
3335,0.8776739592163132
3336,0.8970784274332322
3337,0.9143968991792523
3338,0.9293987388508272
3339,0.9418721339272236
3340,0.9516267233828595
3341,0.9584960058127764
3342,0.9623394982966919
3343,0.9630446197793542
3344,0.9605282758042191
3345,0.9547381247767434
3346,0.9456535095065024
3347,0.9332860415503627
3348,0.9176798298052151
3349,0.8989113488354551
3350,0.8770889465205184
3351,0.8523519947251091
3352,0.8248696907829077
3353,0.7948395215927461
3354,0.7624854060167197
3355,0.7280555349861293
3356,0.691819932232351
3357,0.654067761816436
3358,0.6151044116001193
3359,0.5752483844457192
3360,0.4563263354543324
3361,0.450371696728828
3362,0.44441688018703396
3363,0.43867664089089464
3364,0.43336496215698134
3365,0.4286920835488945
3366,0.4248615647399828
3367,0.42206742111452056
3368,0.4204913661887368
3369,0.4203001947335243
3370,0.4216433388819195
3371,0.4246506275237122
3372,0.4294302769505417
3373,0.4360671380432715
3374,0.4446212223204997
3375,0.45512652592662156
3376,0.46759016716731483
3377,0.4819918495391274
3378,0.4982836583911471
3379,0.5163901954435253
3380,0.5362090514157618
3381,0.5576116130327916
3382,0.5804441967253039
3383,0.6045294974686913
3384,0.6296683374570703
3385,0.6556416957278948
3386,0.682212996483495
3387,0.7091306307335393
3388,0.7361306830475717
3389,0.7629398326909498
3390,0.7892783962495971
3391,0.8148634770576102
3392,0.8394121853458496
3393,0.8626448920472661
3394,0.8842884786390147
3395,0.9040795452773548
3396,0.9217675397948935
3397,0.9371177708755518
3398,0.9499142698934736
3399,0.9599624674879299
3400,0.9670916529270599
3401,0.9711571866678417
3402,0.9720424392245446
3403,0.969660432478471
3404,0.9639551628683671
3405,0.9549025894534704
3406,0.9425112736012199
3407,0.9268226609758813
3408,0.9079110005484028
3409,0.8858828994663105
3410,0.860876516766941
3411,0.833060403042548
3412,0.8026319972230237
3413,0.7698157955842719
3414,0.734861211875651
3415,0.6980401510385755
3416,0.6596443223267985
3417,0.6199823206904649
3418,0.5793765080213786
3419,0.5381597282427024
3420,0.4471220799111568
3421,0.4412767937100946
3422,0.43565413252572294
3423,0.43046765564318673
3424,0.42592738525805884
3425,0.4222368683399898
3426,0.419590305443761
3427,0.41816978167553304
3428,0.41814263389586315
3429,0.4196589867121732
3430,0.42284948789960425
3431,0.4278232716115471
3432,0.43466617512610084
3433,0.44343923195145174
3434,0.4541774609154545
3435,0.4668889674295488
3436,0.4815543694826964
3437,0.49812655713062587
3438,0.5165307903426924
3439,0.5366651360961392
3440,0.5584012416149722
3441,0.5815854366817573
3442,0.6060401540510473
3443,0.63156565321054
3444,0.6579420291136074
3445,0.6849314840836116
3446,0.7122808379141867
3447,0.7397242482878789
3448,0.7669861110510195
3449,0.7937841076417359
3450,0.8198323650976029
3451,0.8448446925936148
3452,0.8685378573966751
3453,0.8906348624847379
3454,0.9108681878722541
3455,0.9289829579177271
3456,0.9447399975553354
3457,0.9579187414918776
3458,0.9683199619255257
3459,0.9757682822594445
3460,0.9801144465836494
3461,0.98123731735093
3462,0.9790455766538347
3463,0.9734791097832144
3464,0.9645100532782532
3465,0.9521434934244402
3466,0.9364178050770671
3467,0.917404624738737
3468,0.8952084559544679
3469,0.8699659092605629
3470,0.8418445830855118
3471,0.8110415961049109
3472,0.7777817855521421
3473,0.7423155898350476
3474,0.7049166374619168
3475,0.6658790676964973
3476,0.6255146115014958
3477,0.5841494641559543
3478,0.5421209834110648
3479,0.4997742491544803
3480,0.4381995195575829
3481,0.43263298334221845
3482,0.4275105511751886
3483,0.42304244217137
3484,0.41943259943166245
3485,0.41687580955848685
3486,0.41555491970527664
3487,0.4156381864519112
3488,0.4172767893393076
3489,0.4206025400490335
3490,0.4257258159979581
3491,0.4327337445591417
3492,0.44168866124664735
3493,0.4526268620473173
3494,0.465557666681854
3495,0.48046280597085217
3496,0.4972961427088242
3497,0.5159837315552546
3498,0.5364242194805747
3499,0.5584895843027619
3500,0.582026204862802
3501,0.6068562524623178
3502,0.6327793893671845
3503,0.6595747565141954
3504,0.6870032290859658
3505,0.7148099153793691
3506,0.7427268714312009
3507,0.7704760012062153
3508,0.7977721098369476
3509,0.8243260754556718
3510,0.8498481036011737
3511,0.8740510270341366
3512,0.8966536130727345
3513,0.9173838402706225
3514,0.9359821064099063
3515,0.9522043303693766
3516,0.9658249114509195
3517,0.9766395111915671
3518,0.9844676245395716
3519,0.9891549095139506
3520,0.9905752470687323
3521,0.9886325058211075
3522,0.9832619895413192
3523,0.9744315488075045
3524,0.9621423419602181
3525,0.9464292344075965
3526,0.9273608293889486
3527,0.9050391274561724
3528,0.8795988161310528
3529,0.8512061953962735
3530,0.8200577488278274
3531,0.7863783742336968
3532,0.7504192915757015
3533,0.7124556496797331
3534,0.6727838567367819
3535,0.6317186628226857
3536,0.5895900255859488
3537,0.5467397928282643
3538,0.5035182379098478
3539,0.4602804857168368
3540,0.42967180841907304
3541,0.4245517709664511
3542,0.4200944097313115
3543,0.41650448029069376
3544,0.41397776737294384
3545,0.41269828544318277
3546,0.41283560673059155
3547,0.4145423498226481
3548,0.41795186017066716
3549,0.4231761116974521
3550,0.43030385619486383
3551,0.43939904437608696
3552,0.4504995393352357
3553,0.46361613980199706
3554,0.4787319269984966
3555,0.4958019451520367
3556,0.5147532218322182
3557,0.5354851303100572
3558,0.5578700921254095
3559,0.5817546140435879
3560,0.6069606496286772
3561,0.6332872718067982
3562,0.6605126390806595
3563,0.6883962345314913
3564,0.7166813534473983
3565,0.7450978123862909
3566,0.773364849753423
3567,0.8011941855800067
3568,0.828293206160083
3569,0.8543682375603343
3570,0.8791278707848983
3571,0.9022863005682715
3572,0.9235666393925381
3573,0.9427041683943899
3574,0.9594494873295959
3575,0.9735715267106836
3576,0.9848603866015978
3577,0.9931299683385085
3578,0.9982203676252348
3579,1.0
3580,0.9983674325626203
3581,0.9932528990549506
3582,0.9846194788647702
3583,0.9724639242391828
3584,0.9568171239032875
3585,0.9377441953411685
3586,0.9153442021632475
3587,0.8897494972084817
3588,0.8611246962655847
3589,0.8296652914950284
3590,0.795595917745489
3591,0.7591682889377148
3592,0.7206588254903181
3593,0.680365997340574
3594,0.6386074104300277
3595,0.5957166675376929
3596,0.5520400370213149
3597,0.5079329653363398
3598,0.46375647111384244
3599,0.4198734600743247
