zone_id,lat,lon,label_class,label,label_source,n_mineralized_obs,n_barren_obs,prospectivity_score
r00_c00,21.655,80.055,barren,0.0,REAL_GEOLOGICAL,0,1,0.00079813536
r00_c01,21.655,80.065,barren,0.0,REAL_GEOLOGICAL,0,1,0.00076373
r00_c02,21.655,80.075,barren,0.0,REAL_GEOLOGICAL,0,1,0.00078313163
r00_c03,21.655,80.085,barren,0.0,REAL_GEOLOGICAL,0,1,0.00589858
r00_c04,21.655,80.095,barren,0.0,REAL_GEOLOGICAL,0,1,0.014751966
r00_c05,21.655,80.105,barren,0.0,REAL_GEOLOGICAL,0,1,0.033864286
r00_c06,21.655,80.115,barren,0.0,REAL_GEOLOGICAL,0,1,0.009150658
r00_c07,21.655,80.125,barren,0.0,REAL_GEOLOGICAL,0,1,0.054812707
r00_c08,21.655,80.135,barren,0.0,REAL_GEOLOGICAL,0,1,0.052629154
r00_c09,21.655,80.145,barren,0.0,REAL_GEOLOGICAL,0,1,0.047268573
r00_c10,21.655,80.155,barren,0.0,REAL_GEOLOGICAL,0,1,0.048503462
r00_c11,21.655,80.165,barren,0.0,REAL_GEOLOGICAL,0,1,0.06761759
r00_c12,21.655,80.175,barren,0.0,REAL_GEOLOGICAL,0,1,0.12901218
r00_c13,21.655,80.185,barren,0.0,REAL_GEOLOGICAL,0,1,0.025467552
r00_c14,21.655,80.195,barren,0.0,REAL_GEOLOGICAL,0,1,0.049179465
r00_c15,21.655,80.205,barren,0.0,REAL_GEOLOGICAL,0,1,0.006764181
r00_c16,21.655,80.215,barren,0.0,REAL_GEOLOGICAL,0,1,0.005511568
r00_c17,21.655,80.225,barren,0.0,REAL_GEOLOGICAL,0,1,0.005166498
r00_c18,21.655,80.235,barren,0.0,REAL_GEOLOGICAL,0,1,0.012410126
r00_c19,21.655,80.245,barren,0.0,REAL_GEOLOGICAL,0,1,0.02059434
r00_c20,21.655,80.255,barren,0.0,REAL_GEOLOGICAL,0,1,0.34517133
r00_c21,21.655,80.265,barren,0.0,REAL_GEOLOGICAL,0,1,0.013118931
r00_c22,21.655,80.275,barren,0.0,REAL_GEOLOGICAL,0,1,0.013884839
r00_c23,21.655,80.285,barren,0.0,REAL_GEOLOGICAL,0,1,0.02304823
r00_c24,21.655,80.295,barren,0.0,REAL_GEOLOGICAL,0,1,0.03629646
r00_c25,21.655,80.305,barren,0.0,REAL_GEOLOGICAL,0,1,0.14217897
r00_c26,21.655,80.315,barren,0.0,REAL_GEOLOGICAL,0,1,0.12045027
r00_c27,21.655,80.325,barren,0.0,REAL_GEOLOGICAL,0,1,0.10314968
r00_c28,21.655,80.335,barren,0.0,REAL_GEOLOGICAL,0,1,0.13102268
r00_c29,21.655,80.345,barren,0.0,REAL_GEOLOGICAL,0,1,0.09659462
r01_c00,21.665,80.055,barren,0.0,REAL_GEOLOGICAL,0,1,0.00069932983
r01_c01,21.665,80.065,barren,0.0,REAL_GEOLOGICAL,0,1,0.0017116381
r01_c02,21.665,80.075,barren,0.0,REAL_GEOLOGICAL,0,1,0.0010037425
r01_c03,21.665,80.085,barren,0.0,REAL_GEOLOGICAL,0,1,0.0037782644
r01_c04,21.665,80.095,barren,0.0,REAL_GEOLOGICAL,0,1,0.023809804
r01_c05,21.665,80.105,barren,0.0,REAL_GEOLOGICAL,0,1,0.1315654
r01_c06,21.665,80.115,barren,0.0,REAL_GEOLOGICAL,0,1,0.055676624
r01_c07,21.665,80.125,barren,0.0,REAL_GEOLOGICAL,0,1,0.06611492
r01_c08,21.665,80.135,barren,0.0,REAL_GEOLOGICAL,0,1,0.05638285
r01_c09,21.665,80.145,barren,0.0,REAL_GEOLOGICAL,0,1,0.0718797
r01_c10,21.665,80.155,barren,0.0,REAL_GEOLOGICAL,0,1,0.0289993
r01_c11,21.665,80.165,barren,0.0,REAL_GEOLOGICAL,0,1,0.1370295
r01_c12,21.665,80.175,barren,0.0,REAL_GEOLOGICAL,0,1,0.028850952
r01_c13,21.665,80.185,barren,0.0,REAL_GEOLOGICAL,0,1,0.023490818
r01_c14,21.665,80.195,barren,0.0,REAL_GEOLOGICAL,0,1,0.008209006
r01_c15,21.665,80.205,barren,0.0,REAL_GEOLOGICAL,0,1,0.010691649
r01_c16,21.665,80.215,barren,0.0,REAL_GEOLOGICAL,0,1,0.0046168943
r01_c17,21.665,80.225,barren,0.0,REAL_GEOLOGICAL,0,1,0.020233901
r01_c18,21.665,80.235,barren,0.0,REAL_GEOLOGICAL,0,1,0.016376067
r01_c19,21.665,80.245,barren,0.0,REAL_GEOLOGICAL,0,1,0.0121125905
r01_c20,21.665,80.255,barren,0.0,REAL_GEOLOGICAL,0,1,0.012413551
r01_c21,21.665,80.265,barren,0.0,REAL_GEOLOGICAL,0,1,0.034326676
r01_c22,21.665,80.275,barren,0.0,REAL_GEOLOGICAL,0,1,0.008775557
r01_c23,21.665,80.285,barren,0.0,REAL_GEOLOGICAL,0,1,0.0157004
r01_c24,21.665,80.295,barren,0.0,REAL_GEOLOGICAL,0,1,0.0129403435
r01_c25,21.665,80.305,barren,0.0,REAL_GEOLOGICAL,0,1,0.05717374
r01_c26,21.665,80.315,barren,0.0,REAL_GEOLOGICAL,0,1,0.073724955
r01_c27,21.665,80.325,barren,0.0,REAL_GEOLOGICAL,0,1,0.13356148
r01_c28,21.665,80.335,barren,0.0,REAL_GEOLOGICAL,0,1,0.10763107
r01_c29,21.665,80.345,barren,0.0,REAL_GEOLOGICAL,0,1,0.07620175
r02_c00,21.675,80.055,barren,0.0,REAL_GEOLOGICAL,0,1,0.0029336752
r02_c01,21.675,80.065,barren,0.0,REAL_GEOLOGICAL,0,1,0.02457618
r02_c02,21.675,80.075,barren,0.0,REAL_GEOLOGICAL,0,1,0.0044980957
r02_c03,21.675,80.085,barren,0.0,REAL_GEOLOGICAL,0,1,0.0059513315
r02_c04,21.675,80.095,barren,0.0,REAL_GEOLOGICAL,0,1,0.038751468
r02_c05,21.675,80.105,barren,0.0,REAL_GEOLOGICAL,0,1,0.12170098
r02_c06,21.675,80.115,barren,0.0,REAL_GEOLOGICAL,0,1,0.14042184
r02_c07,21.675,80.125,barren,0.0,REAL_GEOLOGICAL,0,1,0.012851716
r02_c08,21.675,80.135,barren,0.0,REAL_GEOLOGICAL,0,1,0.07441049
r02_c09,21.675,80.145,barren,0.0,REAL_GEOLOGICAL,0,1,0.0069419704
r02_c10,21.675,80.155,barren,0.0,REAL_GEOLOGICAL,0,1,0.048503365
r02_c11,21.675,80.165,barren,0.0,REAL_GEOLOGICAL,0,1,0.11585681
r02_c12,21.675,80.175,barren,0.0,REAL_GEOLOGICAL,0,1,0.027697891
r02_c13,21.675,80.185,barren,0.0,REAL_GEOLOGICAL,0,1,0.0388808
r02_c14,21.675,80.195,barren,0.0,REAL_GEOLOGICAL,0,1,0.032792468
r02_c15,21.675,80.205,barren,0.0,REAL_GEOLOGICAL,0,1,0.03805218
r02_c16,21.675,80.215,barren,0.0,REAL_GEOLOGICAL,0,1,0.021014884
r02_c17,21.675,80.225,barren,0.0,REAL_GEOLOGICAL,0,1,0.036132958
r02_c18,21.675,80.235,barren,0.0,REAL_GEOLOGICAL,0,1,0.066716224
r02_c19,21.675,80.245,barren,0.0,REAL_GEOLOGICAL,0,1,0.0147159835
r02_c20,21.675,80.255,barren,0.0,REAL_GEOLOGICAL,0,1,0.03742495
r02_c21,21.675,80.265,barren,0.0,REAL_GEOLOGICAL,0,1,0.085485734
r02_c22,21.675,80.275,barren,0.0,REAL_GEOLOGICAL,0,1,0.06600188
r02_c23,21.675,80.285,barren,0.0,REAL_GEOLOGICAL,0,1,0.017310783
r02_c24,21.675,80.295,barren,0.0,REAL_GEOLOGICAL,0,1,0.013800042
r02_c25,21.675,80.305,barren,0.0,REAL_GEOLOGICAL,0,1,0.007238155
r02_c26,21.675,80.315,barren,0.0,REAL_GEOLOGICAL,0,1,0.07091617
r02_c27,21.675,80.325,barren,0.0,REAL_GEOLOGICAL,0,1,0.05127739
r02_c28,21.675,80.335,barren,0.0,REAL_GEOLOGICAL,0,1,0.10300355
r02_c29,21.675,80.345,barren,0.0,REAL_GEOLOGICAL,0,1,0.13005172
r03_c00,21.685,80.055,barren,0.0,REAL_GEOLOGICAL,0,1,0.017817685
r03_c01,21.685,80.065,barren,0.0,REAL_GEOLOGICAL,0,1,0.009265864
r03_c02,21.685,80.075,barren,0.0,REAL_GEOLOGICAL,0,1,0.044829983
r03_c03,21.685,80.085,barren,0.0,REAL_GEOLOGICAL,0,1,0.004264248
r03_c04,21.685,80.095,barren,0.0,REAL_GEOLOGICAL,0,1,0.034766313
r03_c05,21.685,80.105,barren,0.0,REAL_GEOLOGICAL,0,1,0.08175982
r03_c06,21.685,80.115,barren,0.0,REAL_GEOLOGICAL,0,1,0.066343926
r03_c07,21.685,80.125,barren,0.0,REAL_GEOLOGICAL,0,1,0.014726241
r03_c08,21.685,80.135,barren,0.0,REAL_GEOLOGICAL,0,1,0.014961092
r03_c09,21.685,80.145,barren,0.0,REAL_GEOLOGICAL,0,1,0.03388513
r03_c10,21.685,80.155,barren,0.0,REAL_GEOLOGICAL,0,1,0.09367191
r03_c11,21.685,80.165,barren,0.0,REAL_GEOLOGICAL,0,1,0.084562436
r03_c12,21.685,80.175,barren,0.0,REAL_GEOLOGICAL,0,1,0.045576088
r03_c13,21.685,80.185,barren,0.0,REAL_GEOLOGICAL,0,1,0.19693549
r03_c14,21.685,80.195,barren,0.0,REAL_GEOLOGICAL,0,1,0.17866011
r03_c15,21.685,80.205,barren,0.0,REAL_GEOLOGICAL,0,1,0.02174207
r03_c16,21.685,80.215,barren,0.0,REAL_GEOLOGICAL,0,1,0.016182931
r03_c17,21.685,80.225,barren,0.0,REAL_GEOLOGICAL,0,1,0.016433448
r03_c18,21.685,80.235,barren,0.0,REAL_GEOLOGICAL,0,1,0.05783726
r03_c19,21.685,80.245,barren,0.0,REAL_GEOLOGICAL,0,1,0.03941465
r03_c20,21.685,80.255,barren,0.0,REAL_GEOLOGICAL,0,1,0.014949431
r03_c21,21.685,80.265,barren,0.0,REAL_GEOLOGICAL,0,1,0.11436963
r03_c22,21.685,80.275,barren,0.0,REAL_GEOLOGICAL,0,1,0.07733872
r03_c23,21.685,80.285,barren,0.0,REAL_GEOLOGICAL,0,1,0.08934498
r03_c24,21.685,80.295,barren,0.0,REAL_GEOLOGICAL,0,1,0.021081107
r03_c25,21.685,80.305,barren,0.0,REAL_GEOLOGICAL,0,1,0.008333855
r03_c26,21.685,80.315,barren,0.0,REAL_GEOLOGICAL,0,1,0.00694181
r03_c27,21.685,80.325,barren,0.0,REAL_GEOLOGICAL,0,1,0.0037006084
r03_c28,21.685,80.335,barren,0.0,REAL_GEOLOGICAL,0,1,0.044164084
r03_c29,21.685,80.345,barren,0.0,REAL_GEOLOGICAL,0,1,0.1670758
r04_c00,21.695,80.055,barren,0.0,REAL_GEOLOGICAL,0,1,0.08282731
r04_c01,21.695,80.065,barren,0.0,REAL_GEOLOGICAL,0,1,0.034399893
r04_c02,21.695,80.075,barren,0.0,REAL_GEOLOGICAL,0,1,0.039723586
r04_c03,21.695,80.085,barren,0.0,REAL_GEOLOGICAL,0,1,0.018391144
r04_c04,21.695,80.095,barren,0.0,REAL_GEOLOGICAL,0,1,0.033725046
r04_c05,21.695,80.105,barren,0.0,REAL_GEOLOGICAL,0,1,0.03721838
r04_c06,21.695,80.115,barren,0.0,REAL_GEOLOGICAL,0,1,0.018150082
r04_c07,21.695,80.125,barren,0.0,REAL_GEOLOGICAL,0,1,0.016781893
r04_c08,21.695,80.135,barren,0.0,REAL_GEOLOGICAL,0,1,0.05096787
r04_c09,21.695,80.145,barren,0.0,REAL_GEOLOGICAL,0,1,0.015216827
r04_c10,21.695,80.155,barren,0.0,REAL_GEOLOGICAL,0,1,0.13542318
r04_c11,21.695,80.165,barren,0.0,REAL_GEOLOGICAL,0,1,0.11150376
r04_c12,21.695,80.175,barren,0.0,REAL_GEOLOGICAL,0,1,0.12145815
r04_c13,21.695,80.185,barren,0.0,REAL_GEOLOGICAL,0,1,0.19409758
r04_c14,21.695,80.195,barren,0.0,REAL_GEOLOGICAL,0,1,0.020779002
r04_c15,21.695,80.205,barren,0.0,REAL_GEOLOGICAL,0,1,0.036892414
r04_c16,21.695,80.215,barren,0.0,REAL_GEOLOGICAL,0,1,0.047084842
r04_c17,21.695,80.225,barren,0.0,REAL_GEOLOGICAL,0,1,0.121930026
r04_c18,21.695,80.235,barren,0.0,REAL_GEOLOGICAL,0,1,0.095685884
r04_c19,21.695,80.245,barren,0.0,REAL_GEOLOGICAL,0,1,0.038226604
r04_c20,21.695,80.255,barren,0.0,REAL_GEOLOGICAL,0,1,0.018095981
r04_c21,21.695,80.265,barren,0.0,REAL_GEOLOGICAL,0,1,0.14203826
r04_c22,21.695,80.275,barren,0.0,REAL_GEOLOGICAL,0,1,0.15670913
r04_c23,21.695,80.285,barren,0.0,REAL_GEOLOGICAL,0,1,0.27149823
r04_c24,21.695,80.295,barren,0.0,REAL_GEOLOGICAL,0,1,0.15237653
r04_c25,21.695,80.305,barren,0.0,REAL_GEOLOGICAL,0,1,0.0496373
r04_c26,21.695,80.315,barren,0.0,REAL_GEOLOGICAL,0,1,0.060905024
r04_c27,21.695,80.325,barren,0.0,REAL_GEOLOGICAL,0,1,0.10820412
r04_c28,21.695,80.335,barren,0.0,REAL_GEOLOGICAL,0,1,0.03973416
r04_c29,21.695,80.345,barren,0.0,REAL_GEOLOGICAL,0,1,0.031284593
r05_c00,21.705,80.055,barren,0.0,REAL_GEOLOGICAL,0,1,0.022674398
r05_c01,21.705,80.065,barren,0.0,REAL_GEOLOGICAL,0,1,0.04755455
r05_c02,21.705,80.075,barren,0.0,REAL_GEOLOGICAL,0,1,0.11996766
r05_c03,21.705,80.085,barren,0.0,REAL_GEOLOGICAL,0,1,0.29809657
r05_c04,21.705,80.095,barren,0.0,REAL_GEOLOGICAL,0,1,0.024885615
r05_c05,21.705,80.105,barren,0.0,REAL_GEOLOGICAL,0,1,0.124745354
r05_c06,21.705,80.115,barren,0.0,REAL_GEOLOGICAL,0,1,0.11864184
r05_c07,21.705,80.125,barren,0.0,REAL_GEOLOGICAL,0,1,0.12109882
r05_c08,21.705,80.135,barren,0.0,REAL_GEOLOGICAL,0,1,0.13800794
r05_c09,21.705,80.145,barren,0.0,REAL_GEOLOGICAL,0,1,0.12338862
r05_c10,21.705,80.155,barren,0.0,REAL_GEOLOGICAL,0,1,0.57974505
r05_c11,21.705,80.165,barren,0.0,REAL_GEOLOGICAL,0,1,0.66536754
r05_c12,21.705,80.175,barren,0.0,REAL_GEOLOGICAL,0,1,0.24043621
r05_c13,21.705,80.185,barren,0.0,REAL_GEOLOGICAL,0,1,0.4413126
r05_c14,21.705,80.195,barren,0.0,REAL_GEOLOGICAL,0,1,0.28911585
r05_c15,21.705,80.205,barren,0.0,REAL_GEOLOGICAL,0,1,0.5598195
r05_c16,21.705,80.215,barren,0.0,REAL_GEOLOGICAL,0,1,0.73719996
r05_c17,21.705,80.225,barren,0.0,REAL_GEOLOGICAL,0,1,0.6726015
r05_c18,21.705,80.235,barren,0.0,REAL_GEOLOGICAL,0,1,0.6338844
r05_c19,21.705,80.245,barren,0.0,REAL_GEOLOGICAL,0,1,0.24054438
r05_c20,21.705,80.255,barren,0.0,REAL_GEOLOGICAL,0,1,0.08984079
r05_c21,21.705,80.265,barren,0.0,REAL_GEOLOGICAL,0,1,0.10760719
r05_c22,21.705,80.275,barren,0.0,REAL_GEOLOGICAL,0,1,0.11036989
r05_c23,21.705,80.285,barren,0.0,REAL_GEOLOGICAL,0,1,0.0740585
r05_c24,21.705,80.295,barren,0.0,REAL_GEOLOGICAL,0,1,0.11996649
r05_c25,21.705,80.305,barren,0.0,REAL_GEOLOGICAL,0,1,0.079481356
r05_c26,21.705,80.315,barren,0.0,REAL_GEOLOGICAL,0,1,0.1323174
r05_c27,21.705,80.325,barren,0.0,REAL_GEOLOGICAL,0,1,0.11856038
r05_c28,21.705,80.335,barren,0.0,REAL_GEOLOGICAL,0,1,0.11677667
r05_c29,21.705,80.345,barren,0.0,REAL_GEOLOGICAL,0,1,0.121247746
r06_c00,21.715,80.055,barren,0.0,REAL_GEOLOGICAL,0,1,0.03963589
r06_c01,21.715,80.065,barren,0.0,REAL_GEOLOGICAL,0,1,0.103069164
r06_c02,21.715,80.075,barren,0.0,REAL_GEOLOGICAL,0,1,0.063750505
r06_c03,21.715,80.085,barren,0.0,REAL_GEOLOGICAL,0,1,0.0873781
r06_c04,21.715,80.095,barren,0.0,REAL_GEOLOGICAL,0,1,0.20203492
r06_c05,21.715,80.105,barren,0.0,REAL_GEOLOGICAL,0,1,0.2891661
r06_c06,21.715,80.115,barren,0.0,REAL_GEOLOGICAL,0,1,0.21833134
r06_c07,21.715,80.125,barren,0.0,REAL_GEOLOGICAL,0,1,0.3327657
r06_c08,21.715,80.135,barren,0.0,REAL_GEOLOGICAL,0,1,0.27159798
r06_c09,21.715,80.145,barren,0.0,REAL_GEOLOGICAL,0,1,0.3230424
r06_c10,21.715,80.155,barren,0.0,REAL_GEOLOGICAL,0,1,0.5672523
r06_c11,21.715,80.165,mineralized,1.0,REAL_GEOLOGICAL,1,0,0.80958366
r06_c12,21.715,80.175,mineralized,1.0,REAL_GEOLOGICAL,1,0,0.8566487
r06_c13,21.715,80.185,mineralized,1.0,REAL_GEOLOGICAL,1,0,0.94737256
r06_c14,21.715,80.195,mineralized,1.0,REAL_GEOLOGICAL,1,0,0.89938194
r06_c15,21.715,80.205,mineralized,1.0,REAL_GEOLOGICAL,1,0,0.79080284
r06_c16,21.715,80.215,mineralized,1.0,REAL_GEOLOGICAL,1,0,0.87029445
r06_c17,21.715,80.225,barren,0.0,REAL_GEOLOGICAL,0,1,0.78034556
r06_c18,21.715,80.235,barren,0.0,REAL_GEOLOGICAL,0,1,0.5682278
r06_c19,21.715,80.245,barren,0.0,REAL_GEOLOGICAL,0,1,0.26374564
r06_c20,21.715,80.255,barren,0.0,REAL_GEOLOGICAL,0,1,0.06171759
r06_c21,21.715,80.265,barren,0.0,REAL_GEOLOGICAL,0,1,0.04666824
r06_c22,21.715,80.275,barren,0.0,REAL_GEOLOGICAL,0,1,0.076912835
r06_c23,21.715,80.285,barren,0.0,REAL_GEOLOGICAL,0,1,0.07031072
r06_c24,21.715,80.295,barren,0.0,REAL_GEOLOGICAL,0,1,0.13651194
r06_c25,21.715,80.305,barren,0.0,REAL_GEOLOGICAL,0,1,0.14541754
r06_c26,21.715,80.315,barren,0.0,REAL_GEOLOGICAL,0,1,0.12275126
r06_c27,21.715,80.325,barren,0.0,REAL_GEOLOGICAL,0,1,0.1614621
r06_c28,21.715,80.335,barren,0.0,REAL_GEOLOGICAL,0,1,0.13620563
r06_c29,21.715,80.345,barren,0.0,REAL_GEOLOGICAL,0,1,0.21437354
r07_c00,21.725,80.055,barren,0.0,REAL_GEOLOGICAL,0,1,0.011669129
r07_c01,21.725,80.065,barren,0.0,REAL_GEOLOGICAL,0,1,0.07892845
r07_c02,21.725,80.075,barren,0.0,REAL_GEOLOGICAL,0,1,0.06760116
r07_c03,21.725,80.085,barren,0.0,REAL_GEOLOGICAL,0,1,0.04162224
r07_c04,21.725,80.095,barren,0.0,REAL_GEOLOGICAL,0,1,0.060396228
r07_c05,21.725,80.105,barren,0.0,REAL_GEOLOGICAL,0,1,0.55405504
r07_c06,21.725,80.115,barren,0.0,REAL_GEOLOGICAL,0,1,0.35592806
r07_c07,21.725,80.125,barren,0.0,REAL_GEOLOGICAL,0,1,0.53778416
r07_c08,21.725,80.135,barren,0.0,REAL_GEOLOGICAL,0,1,0.66329664
r07_c09,21.725,80.145,mineralized,1.0,REAL_GEOLOGICAL,1,0,0.7646404
r07_c10,21.725,80.155,mineralized,1.0,REAL_GEOLOGICAL,1,0,0.9443402
r07_c11,21.725,80.165,mineralized,1.0,REAL_GEOLOGICAL,1,0,0.936156
r07_c12,21.725,80.175,mineralized,1.0,REAL_GEOLOGICAL,1,0,0.88515687
r07_c13,21.725,80.185,mineralized,1.0,REAL_GEOLOGICAL,1,0,0.92911243
r07_c14,21.725,80.195,mineralized,1.0,REAL_GEOLOGICAL,1,0,0.9208558
r07_c15,21.725,80.205,mineralized,1.0,REAL_GEOLOGICAL,1,0,0.8949369
r07_c16,21.725,80.215,mineralized,1.0,REAL_GEOLOGICAL,1,0,0.88781226
r07_c17,21.725,80.225,mineralized,1.0,REAL_GEOLOGICAL,1,0,0.8810715
r07_c18,21.725,80.235,mineralized,1.0,REAL_GEOLOGICAL,1,0,0.8516507
r07_c19,21.725,80.245,barren,0.0,REAL_GEOLOGICAL,0,1,0.2206612
r07_c20,21.725,80.255,barren,0.0,REAL_GEOLOGICAL,0,1,0.12064052
r07_c21,21.725,80.265,barren,0.0,REAL_GEOLOGICAL,0,1,0.08033591
r07_c22,21.725,80.275,barren,0.0,REAL_GEOLOGICAL,0,1,0.10994671
r07_c23,21.725,80.285,barren,0.0,REAL_GEOLOGICAL,0,1,0.100492045
r07_c24,21.725,80.295,barren,0.0,REAL_GEOLOGICAL,0,1,0.083123304
r07_c25,21.725,80.305,barren,0.0,REAL_GEOLOGICAL,0,1,0.13493216
r07_c26,21.725,80.315,barren,0.0,REAL_GEOLOGICAL,0,1,0.11498951
r07_c27,21.725,80.325,barren,0.0,REAL_GEOLOGICAL,0,1,0.14223105
r07_c28,21.725,80.335,barren,0.0,REAL_GEOLOGICAL,0,1,0.2374257
r07_c29,21.725,80.345,barren,0.0,REAL_GEOLOGICAL,0,1,0.18320887
r08_c00,21.735,80.055,barren,0.0,REAL_GEOLOGICAL,0,1,0.021831708
r08_c01,21.735,80.065,barren,0.0,REAL_GEOLOGICAL,0,1,0.04477096
r08_c02,21.735,80.075,barren,0.0,REAL_GEOLOGICAL,0,1,0.06258818
r08_c03,21.735,80.085,barren,0.0,REAL_GEOLOGICAL,0,1,0.08371602
r08_c04,21.735,80.095,barren,0.0,REAL_GEOLOGICAL,0,1,0.06369074
r08_c05,21.735,80.105,barren,0.0,REAL_GEOLOGICAL,0,1,0.5326995
r08_c06,21.735,80.115,barren,0.0,REAL_GEOLOGICAL,0,1,0.6697094
r08_c07,21.735,80.125,mineralized,1.0,REAL_GEOLOGICAL,1,0,0.6821601
r08_c08,21.735,80.135,mineralized,1.0,REAL_GEOLOGICAL,1,0,0.69919854
r08_c09,21.735,80.145,mineralized,1.0,REAL_GEOLOGICAL,1,0,0.8462449
r08_c10,21.735,80.155,mineralized,1.0,REAL_GEOLOGICAL,1,0,0.9240721
r08_c11,21.735,80.165,mineralized,1.0,REAL_GEOLOGICAL,1,0,0.94875103
r08_c12,21.735,80.175,mineralized,1.0,REAL_GEOLOGICAL,1,0,0.921063
r08_c13,21.735,80.185,mineralized,1.0,REAL_GEOLOGICAL,1,0,0.87466985
r08_c14,21.735,80.195,mineralized,1.0,REAL_GEOLOGICAL,1,0,0.8895743
r08_c15,21.735,80.205,mineralized,1.0,REAL_GEOLOGICAL,1,0,0.8698737
r08_c16,21.735,80.215,mineralized,1.0,REAL_GEOLOGICAL,1,0,0.9159744
r08_c17,21.735,80.225,mineralized,1.0,REAL_GEOLOGICAL,1,0,0.8613965
r08_c18,21.735,80.235,mineralized,1.0,REAL_GEOLOGICAL,1,0,0.8851904
r08_c19,21.735,80.245,mineralized,1.0,REAL_GEOLOGICAL,1,0,0.6009746
r08_c20,21.735,80.255,mineralized,1.0,REAL_GEOLOGICAL,1,0,0.2664193
r08_c21,21.735,80.265,barren,0.0,REAL_GEOLOGICAL,0,1,0.015358887
r08_c22,21.735,80.275,barren,0.0,REAL_GEOLOGICAL,0,1,0.029720232
r08_c23,21.735,80.285,barren,0.0,REAL_GEOLOGICAL,0,1,0.055920556
r08_c24,21.735,80.295,barren,0.0,REAL_GEOLOGICAL,0,1,0.07520623
r08_c25,21.735,80.305,barren,0.0,REAL_GEOLOGICAL,0,1,0.05935334
r08_c26,21.735,80.315,barren,0.0,REAL_GEOLOGICAL,0,1,0.05989573
r08_c27,21.735,80.325,barren,0.0,REAL_GEOLOGICAL,0,1,0.09063296
r08_c28,21.735,80.335,barren,0.0,REAL_GEOLOGICAL,0,1,0.11688359
r08_c29,21.735,80.345,barren,0.0,REAL_GEOLOGICAL,0,1,0.2049102
r09_c00,21.745,80.055,barren,0.0,REAL_GEOLOGICAL,0,1,0.024762731
r09_c01,21.745,80.065,barren,0.0,REAL_GEOLOGICAL,0,1,0.04943952
r09_c02,21.745,80.075,barren,0.0,REAL_GEOLOGICAL,0,1,0.03499951
r09_c03,21.745,80.085,barren,0.0,REAL_GEOLOGICAL,0,1,0.049046285
r09_c04,21.745,80.095,barren,0.0,REAL_GEOLOGICAL,0,1,0.050219785
r09_c05,21.745,80.105,barren,0.0,REAL_GEOLOGICAL,0,1,0.50499856
r09_c06,21.745,80.115,mineralized,1.0,REAL_GEOLOGICAL,1,0,0.7868358
r09_c07,21.745,80.125,mineralized,1.0,REAL_GEOLOGICAL,1,0,0.68802226
r09_c08,21.745,80.135,mineralized,1.0,REAL_GEOLOGICAL,1,0,0.7189109
r09_c09,21.745,80.145,mineralized,1.0,REAL_GEOLOGICAL,1,0,0.72011524
r09_c10,21.745,80.155,mineralized,1.0,REAL_GEOLOGICAL,1,0,0.9533769
r09_c11,21.745,80.165,mineralized,1.0,REAL_GEOLOGICAL,1,0,0.9348813
r09_c12,21.745,80.175,mineralized,1.0,REAL_GEOLOGICAL,1,0,0.8124479
r09_c13,21.745,80.185,mineralized,1.0,REAL_GEOLOGICAL,1,0,0.8687553
r09_c14,21.745,80.195,mineralized,1.0,REAL_GEOLOGICAL,1,0,0.8990162
r09_c15,21.745,80.205,mineralized,1.0,REAL_GEOLOGICAL,1,0,0.91528
r09_c16,21.745,80.215,mineralized,1.0,REAL_GEOLOGICAL,1,0,0.89035594
r09_c17,21.745,80.225,mineralized,1.0,REAL_GEOLOGICAL,1,0,0.8619031
r09_c18,21.745,80.235,mineralized,1.0,REAL_GEOLOGICAL,1,0,0.79607916
r09_c19,21.745,80.245,mineralized,1.0,REAL_GEOLOGICAL,1,0,0.8664854
r09_c20,21.745,80.255,mineralized,1.0,REAL_GEOLOGICAL,1,0,0.42861643
r09_c21,21.745,80.265,mineralized,1.0,REAL_GEOLOGICAL,1,0,0.2177547
r09_c22,21.745,80.275,barren,0.0,REAL_GEOLOGICAL,0,1,0.072681844
r09_c23,21.745,80.285,barren,0.0,REAL_GEOLOGICAL,0,1,0.15627941
r09_c24,21.745,80.295,barren,0.0,REAL_GEOLOGICAL,0,1,0.15095781
r09_c25,21.745,80.305,barren,0.0,REAL_GEOLOGICAL,0,1,0.11977169
r09_c26,21.745,80.315,barren,0.0,REAL_GEOLOGICAL,0,1,0.058276437
r09_c27,21.745,80.325,barren,0.0,REAL_GEOLOGICAL,0,1,0.054909226
r09_c28,21.745,80.335,barren,0.0,REAL_GEOLOGICAL,0,1,0.1329737
r09_c29,21.745,80.345,barren,0.0,REAL_GEOLOGICAL,0,1,0.19467859
r10_c00,21.755,80.055,barren,0.0,REAL_GEOLOGICAL,0,1,0.081836216
r10_c01,21.755,80.065,barren,0.0,REAL_GEOLOGICAL,0,1,0.021284949
r10_c02,21.755,80.075,barren,0.0,REAL_GEOLOGICAL,0,1,0.05347258
r10_c03,21.755,80.085,barren,0.0,REAL_GEOLOGICAL,0,1,0.047527667
r10_c04,21.755,80.095,barren,0.0,REAL_GEOLOGICAL,0,1,0.10758322
r10_c05,21.755,80.105,barren,0.0,REAL_GEOLOGICAL,0,1,0.5940544
r10_c06,21.755,80.115,mineralized,1.0,REAL_GEOLOGICAL,1,0,0.9473093
r10_c07,21.755,80.125,mineralized,1.0,REAL_GEOLOGICAL,1,0,0.97030187
r10_c08,21.755,80.135,mineralized,1.0,REAL_GEOLOGICAL,1,0,0.93758345
r10_c09,21.755,80.145,mineralized,1.0,REAL_GEOLOGICAL,1,0,0.91552794
r10_c10,21.755,80.155,mineralized,1.0,REAL_GEOLOGICAL,1,0,0.9076689
r10_c11,21.755,80.165,mineralized,1.0,REAL_GEOLOGICAL,1,0,0.94076854
r10_c12,21.755,80.175,mineralized,1.0,REAL_GEOLOGICAL,1,0,0.9365958
r10_c13,21.755,80.185,mineralized,1.0,REAL_GEOLOGICAL,1,0,0.94508886
r10_c14,21.755,80.195,mineralized,1.0,REAL_GEOLOGICAL,1,0,0.8457883
r10_c15,21.755,80.205,mineralized,1.0,REAL_GEOLOGICAL,1,0,0.9599319
r10_c16,21.755,80.215,mineralized,1.0,REAL_GEOLOGICAL,1,0,0.963222
r10_c17,21.755,80.225,mineralized,1.0,REAL_GEOLOGICAL,1,0,0.9765198
r10_c18,21.755,80.235,mineralized,1.0,REAL_GEOLOGICAL,1,0,0.96907324
r10_c19,21.755,80.245,mineralized,1.0,REAL_GEOLOGICAL,1,0,0.9674723
r10_c20,21.755,80.255,mineralized,1.0,REAL_GEOLOGICAL,1,0,0.8869546
r10_c21,21.755,80.265,mineralized,1.0,REAL_GEOLOGICAL,1,0,0.8972041
r10_c22,21.755,80.275,barren,0.0,REAL_GEOLOGICAL,0,1,0.83250296
r10_c23,21.755,80.285,barren,0.0,REAL_GEOLOGICAL,0,1,0.8009251
r10_c24,21.755,80.295,barren,0.0,REAL_GEOLOGICAL,0,1,0.8606225
r10_c25,21.755,80.305,barren,0.0,REAL_GEOLOGICAL,0,1,0.111285314
r10_c26,21.755,80.315,barren,0.0,REAL_GEOLOGICAL,0,1,0.06371778
r10_c27,21.755,80.325,barren,0.0,REAL_GEOLOGICAL,0,1,0.0870229
r10_c28,21.755,80.335,barren,0.0,REAL_GEOLOGICAL,0,1,0.09649741
r10_c29,21.755,80.345,barren,0.0,REAL_GEOLOGICAL,0,1,0.10176427
r11_c00,21.765,80.055,barren,0.0,REAL_GEOLOGICAL,0,1,0.102453455
r11_c01,21.765,80.065,barren,0.0,REAL_GEOLOGICAL,0,1,0.035293907
r11_c02,21.765,80.075,barren,0.0,REAL_GEOLOGICAL,0,1,0.05004869
r11_c03,21.765,80.085,barren,0.0,REAL_GEOLOGICAL,0,1,0.043867063
r11_c04,21.765,80.095,barren,0.0,REAL_GEOLOGICAL,0,1,0.17982039
r11_c05,21.765,80.105,mineralized,1.0,REAL_GEOLOGICAL,1,0,0.944249
r11_c06,21.765,80.115,mineralized,1.0,REAL_GEOLOGICAL,1,0,0.96489567
r11_c07,21.765,80.125,mineralized,1.0,REAL_GEOLOGICAL,1,0,0.9008536
r11_c08,21.765,80.135,mineralized,1.0,REAL_GEOLOGICAL,1,0,0.9251537
r11_c09,21.765,80.145,mineralized,1.0,REAL_GEOLOGICAL,1,0,0.87518775
r11_c10,21.765,80.155,mineralized,1.0,REAL_GEOLOGICAL,1,0,0.9641444
r11_c11,21.765,80.165,mineralized,1.0,REAL_GEOLOGICAL,1,0,0.88291144
r11_c12,21.765,80.175,mineralized,1.0,REAL_GEOLOGICAL,1,0,0.90578276
r11_c13,21.765,80.185,mineralized,1.0,REAL_GEOLOGICAL,1,0,0.94435734
r11_c14,21.765,80.195,mineralized,1.0,REAL_GEOLOGICAL,1,0,0.92643875
r11_c15,21.765,80.205,mineralized,1.0,REAL_GEOLOGICAL,1,0,0.97760344
r11_c16,21.765,80.215,mineralized,1.0,REAL_GEOLOGICAL,1,0,0.94582593
r11_c17,21.765,80.225,mineralized,1.0,REAL_GEOLOGICAL,1,0,0.95769393
r11_c18,21.765,80.235,mineralized,1.0,REAL_GEOLOGICAL,1,0,0.9522289
r11_c19,21.765,80.245,mineralized,1.0,REAL_GEOLOGICAL,1,0,0.9456855
r11_c20,21.765,80.255,mineralized,1.0,REAL_GEOLOGICAL,1,0,0.90735394
r11_c21,21.765,80.265,mineralized,1.0,REAL_GEOLOGICAL,1,0,0.97329956
r11_c22,21.765,80.275,mineralized,1.0,REAL_GEOLOGICAL,1,0,0.944475
r11_c23,21.765,80.285,barren,0.0,REAL_GEOLOGICAL,0,1,0.8957853
r11_c24,21.765,80.295,barren,0.0,REAL_GEOLOGICAL,0,1,0.8719588
r11_c25,21.765,80.305,barren,0.0,REAL_GEOLOGICAL,0,1,0.13146257
r11_c26,21.765,80.315,barren,0.0,REAL_GEOLOGICAL,0,1,0.119924806
r11_c27,21.765,80.325,barren,0.0,REAL_GEOLOGICAL,0,1,0.033578288
r11_c28,21.765,80.335,barren,0.0,REAL_GEOLOGICAL,0,1,0.08679683
r11_c29,21.765,80.345,barren,0.0,REAL_GEOLOGICAL,0,1,0.065596946
r12_c00,21.775,80.055,barren,0.0,REAL_GEOLOGICAL,0,1,0.02963581
r12_c01,21.775,80.065,barren,0.0,REAL_GEOLOGICAL,0,1,0.10138552
r12_c02,21.775,80.075,barren,0.0,REAL_GEOLOGICAL,0,1,0.06833286
r12_c03,21.775,80.085,barren,0.0,REAL_GEOLOGICAL,0,1,0.030875225
r12_c04,21.775,80.095,barren,0.0,REAL_GEOLOGICAL,0,1,0.067001924
r12_c05,21.775,80.105,mineralized,1.0,REAL_GEOLOGICAL,1,0,0.9172231
r12_c06,21.775,80.115,mineralized,1.0,REAL_GEOLOGICAL,1,0,0.963887
r12_c07,21.775,80.125,mineralized,1.0,REAL_GEOLOGICAL,1,0,0.9618911
r12_c08,21.775,80.135,mineralized,1.0,REAL_GEOLOGICAL,1,0,0.911826
r12_c09,21.775,80.145,mineralized,1.0,REAL_GEOLOGICAL,1,0,0.9142194
r12_c10,21.775,80.155,mineralized,1.0,REAL_GEOLOGICAL,1,0,0.9026765
r12_c11,21.775,80.165,mineralized,1.0,REAL_GEOLOGICAL,1,0,0.8750473
r12_c12,21.775,80.175,mineralized,1.0,REAL_GEOLOGICAL,1,0,0.86684334
r12_c13,21.775,80.185,mineralized,1.0,REAL_GEOLOGICAL,1,0,0.94088954
r12_c14,21.775,80.195,mineralized,1.0,REAL_GEOLOGICAL,1,0,0.936334
r12_c15,21.775,80.205,mineralized,1.0,REAL_GEOLOGICAL,1,0,0.94851
r12_c16,21.775,80.215,mineralized,1.0,REAL_GEOLOGICAL,1,0,0.9485224
r12_c17,21.775,80.225,mineralized,1.0,REAL_GEOLOGICAL,1,0,0.9621594
r12_c18,21.775,80.235,mineralized,1.0,REAL_GEOLOGICAL,1,0,0.97559637
r12_c19,21.775,80.245,mineralized,1.0,REAL_GEOLOGICAL,1,0,0.95982987
r12_c20,21.775,80.255,mineralized,1.0,REAL_GEOLOGICAL,1,0,0.90889114
r12_c21,21.775,80.265,mineralized,1.0,REAL_GEOLOGICAL,1,0,0.91505814
r12_c22,21.775,80.275,mineralized,1.0,REAL_GEOLOGICAL,1,0,0.8109
r12_c23,21.775,80.285,barren,0.0,REAL_GEOLOGICAL,0,1,0.26178718
r12_c24,21.775,80.295,barren,0.0,REAL_GEOLOGICAL,0,1,0.33023626
r12_c25,21.775,80.305,barren,0.0,REAL_GEOLOGICAL,0,1,0.08314317
r12_c26,21.775,80.315,barren,0.0,REAL_GEOLOGICAL,0,1,0.033028655
r12_c27,21.775,80.325,barren,0.0,REAL_GEOLOGICAL,0,1,0.062782265
r12_c28,21.775,80.335,barren,0.0,REAL_GEOLOGICAL,0,1,0.026187573
r12_c29,21.775,80.345,barren,0.0,REAL_GEOLOGICAL,0,1,0.038627867
r13_c00,21.785,80.055,barren,0.0,REAL_GEOLOGICAL,0,1,0.05387091
r13_c01,21.785,80.065,barren,0.0,REAL_GEOLOGICAL,0,1,0.033037946
r13_c02,21.785,80.075,barren,0.0,REAL_GEOLOGICAL,0,1,0.044190142
r13_c03,21.785,80.085,barren,0.0,REAL_GEOLOGICAL,0,1,0.067954004
r13_c04,21.785,80.095,mineralized,1.0,REAL_GEOLOGICAL,1,0,0.5286566
r13_c05,21.785,80.105,mineralized,1.0,REAL_GEOLOGICAL,1,0,0.9327468
r13_c06,21.785,80.115,mineralized,1.0,REAL_GEOLOGICAL,1,0,0.9764381
r13_c07,21.785,80.125,mineralized,1.0,REAL_GEOLOGICAL,1,0,0.9679787
r13_c08,21.785,80.135,mineralized,1.0,REAL_GEOLOGICAL,1,0,0.92041934
r13_c09,21.785,80.145,mineralized,1.0,REAL_GEOLOGICAL,1,0,0.91036606
r13_c10,21.785,80.155,mineralized,1.0,REAL_GEOLOGICAL,1,0,0.92978513
r13_c11,21.785,80.165,mineralized,1.0,REAL_GEOLOGICAL,1,0,0.96943617
r13_c12,21.785,80.175,mineralized,1.0,REAL_GEOLOGICAL,1,0,0.972296
r13_c13,21.785,80.185,mineralized,1.0,REAL_GEOLOGICAL,1,0,0.95134306
r13_c14,21.785,80.195,mineralized,1.0,REAL_GEOLOGICAL,1,0,0.9440117
r13_c15,21.785,80.205,mineralized,1.0,REAL_GEOLOGICAL,1,0,0.91203827
r13_c16,21.785,80.215,mineralized,1.0,REAL_GEOLOGICAL,1,0,0.97657317
r13_c17,21.785,80.225,mineralized,1.0,REAL_GEOLOGICAL,1,0,0.9642014
r13_c18,21.785,80.235,mineralized,1.0,REAL_GEOLOGICAL,1,0,0.9859335
r13_c19,21.785,80.245,mineralized,1.0,REAL_GEOLOGICAL,1,0,0.9866715
r13_c20,21.785,80.255,mineralized,1.0,REAL_GEOLOGICAL,1,0,0.89903927
r13_c21,21.785,80.265,mineralized,1.0,REAL_GEOLOGICAL,1,0,0.963403
r13_c22,21.785,80.275,mineralized,1.0,REAL_GEOLOGICAL,1,0,0.7511093
r13_c23,21.785,80.285,mineralized,1.0,REAL_GEOLOGICAL,1,0,0.62225795
r13_c24,21.785,80.295,barren,0.0,REAL_GEOLOGICAL,0,1,0.09417448
r13_c25,21.785,80.305,barren,0.0,REAL_GEOLOGICAL,0,1,0.0055722576
r13_c26,21.785,80.315,barren,0.0,REAL_GEOLOGICAL,0,1,0.0032447327
r13_c27,21.785,80.325,barren,0.0,REAL_GEOLOGICAL,0,1,0.009746183
r13_c28,21.785,80.335,barren,0.0,REAL_GEOLOGICAL,0,1,0.00642725
r13_c29,21.785,80.345,barren,0.0,REAL_GEOLOGICAL,0,1,0.004230262
r14_c00,21.795,80.055,barren,0.0,REAL_GEOLOGICAL,0,1,0.040565137
r14_c01,21.795,80.065,barren,0.0,REAL_GEOLOGICAL,0,1,0.06419119
r14_c02,21.795,80.075,barren,0.0,REAL_GEOLOGICAL,0,1,0.10735287
r14_c03,21.795,80.085,barren,0.0,REAL_GEOLOGICAL,0,1,0.11927396
r14_c04,21.795,80.095,mineralized,1.0,REAL_GEOLOGICAL,1,0,0.7068474
r14_c05,21.795,80.105,mineralized,1.0,REAL_GEOLOGICAL,1,0,0.94651365
r14_c06,21.795,80.115,mineralized,1.0,REAL_GEOLOGICAL,1,0,0.9248495
r14_c07,21.795,80.125,mineralized,1.0,REAL_GEOLOGICAL,1,0,0.95316195
r14_c08,21.795,80.135,mineralized,1.0,REAL_GEOLOGICAL,1,0,0.9738283
r14_c09,21.795,80.145,mineralized,1.0,REAL_GEOLOGICAL,1,0,0.9563228
r14_c10,21.795,80.155,mineralized,1.0,REAL_GEOLOGICAL,1,0,0.9623982
r14_c11,21.795,80.165,mineralized,1.0,REAL_GEOLOGICAL,1,0,0.9566011
r14_c12,21.795,80.175,mineralized,1.0,REAL_GEOLOGICAL,1,0,0.95245326
r14_c13,21.795,80.185,mineralized,1.0,REAL_GEOLOGICAL,1,0,0.9674964
r14_c14,21.795,80.195,mineralized,1.0,REAL_GEOLOGICAL,1,0,0.8947228
r14_c15,21.795,80.205,mineralized,1.0,REAL_GEOLOGICAL,1,0,0.93811435
r14_c16,21.795,80.215,mineralized,1.0,REAL_GEOLOGICAL,1,0,0.96074843
r14_c17,21.795,80.225,mineralized,1.0,REAL_GEOLOGICAL,1,0,0.9827565
r14_c18,21.795,80.235,mineralized,1.0,REAL_GEOLOGICAL,1,0,0.9883089
r14_c19,21.795,80.245,mineralized,1.0,REAL_GEOLOGICAL,1,0,0.98310953
r14_c20,21.795,80.255,mineralized,1.0,REAL_GEOLOGICAL,1,0,0.917606
r14_c21,21.795,80.265,mineralized,1.0,REAL_GEOLOGICAL,1,0,0.95173246
r14_c22,21.795,80.275,mineralized,1.0,REAL_GEOLOGICAL,1,0,0.9119218
r14_c23,21.795,80.285,mineralized,1.0,REAL_GEOLOGICAL,1,0,0.5036806
r14_c24,21.795,80.295,barren,0.0,REAL_GEOLOGICAL,0,1,0.1740142
r14_c25,21.795,80.305,barren,0.0,REAL_GEOLOGICAL,0,1,0.0029984757
r14_c26,21.795,80.315,barren,0.0,REAL_GEOLOGICAL,0,1,0.0029984757
r14_c27,21.795,80.325,barren,0.0,REAL_GEOLOGICAL,0,1,0.0036409877
r14_c28,21.795,80.335,barren,0.0,REAL_GEOLOGICAL,0,1,0.0019712031
r14_c29,21.795,80.345,barren,0.0,REAL_GEOLOGICAL,0,1,0.0024082358
r15_c00,21.805,80.055,barren,0.0,REAL_GEOLOGICAL,0,1,0.32360038
r15_c01,21.805,80.065,barren,0.0,REAL_GEOLOGICAL,0,1,0.17487802
r15_c02,21.805,80.075,barren,0.0,REAL_GEOLOGICAL,0,1,0.37057066
r15_c03,21.805,80.085,barren,0.0,REAL_GEOLOGICAL,0,1,0.067185566
r15_c04,21.805,80.095,mineralized,1.0,REAL_GEOLOGICAL,1,0,0.6783769
r15_c05,21.805,80.105,mineralized,1.0,REAL_GEOLOGICAL,1,0,0.9382181
r15_c06,21.805,80.115,mineralized,1.0,REAL_GEOLOGICAL,1,0,0.9677289
r15_c07,21.805,80.125,mineralized,1.0,REAL_GEOLOGICAL,1,0,0.9094665
r15_c08,21.805,80.135,mineralized,1.0,REAL_GEOLOGICAL,1,0,0.9219611
r15_c09,21.805,80.145,mineralized,1.0,REAL_GEOLOGICAL,1,0,0.9151411
r15_c10,21.805,80.155,mineralized,1.0,REAL_GEOLOGICAL,1,0,0.9505999
r15_c11,21.805,80.165,mineralized,1.0,REAL_GEOLOGICAL,1,0,0.96827066
r15_c12,21.805,80.175,mineralized,1.0,REAL_GEOLOGICAL,1,0,0.9710569
r15_c13,21.805,80.185,mineralized,1.0,REAL_GEOLOGICAL,1,0,0.9785129
r15_c14,21.805,80.195,mineralized,1.0,REAL_GEOLOGICAL,1,0,0.98335314
r15_c15,21.805,80.205,mineralized,1.0,REAL_GEOLOGICAL,1,0,0.9826179
r15_c16,21.805,80.215,mineralized,1.0,REAL_GEOLOGICAL,1,0,0.935758
r15_c17,21.805,80.225,mineralized,1.0,REAL_GEOLOGICAL,1,0,0.9811746
r15_c18,21.805,80.235,mineralized,1.0,REAL_GEOLOGICAL,1,0,0.9387062
r15_c19,21.805,80.245,mineralized,1.0,REAL_GEOLOGICAL,1,0,0.8953057
r15_c20,21.805,80.255,mineralized,1.0,REAL_GEOLOGICAL,1,0,0.94401586
r15_c21,21.805,80.265,mineralized,1.0,REAL_GEOLOGICAL,1,0,0.9428004
r15_c22,21.805,80.275,mineralized,1.0,REAL_GEOLOGICAL,1,0,0.8713132
r15_c23,21.805,80.285,mineralized,1.0,REAL_GEOLOGICAL,1,0,0.5497414
r15_c24,21.805,80.295,barren,0.0,REAL_GEOLOGICAL,0,1,0.090173624
r15_c25,21.805,80.305,barren,0.0,REAL_GEOLOGICAL,0,1,0.0052744895
r15_c26,21.805,80.315,barren,0.0,REAL_GEOLOGICAL,0,1,0.0036719507
r15_c27,21.805,80.325,barren,0.0,REAL_GEOLOGICAL,0,1,0.0045319926
r15_c28,21.805,80.335,barren,0.0,REAL_GEOLOGICAL,0,1,0.0019712031
r15_c29,21.805,80.345,barren,0.0,REAL_GEOLOGICAL,0,1,0.0018811587
r16_c00,21.815,80.055,barren,0.0,REAL_GEOLOGICAL,0,1,0.03638596
r16_c01,21.815,80.065,barren,0.0,REAL_GEOLOGICAL,0,1,0.12475203
r16_c02,21.815,80.075,barren,0.0,REAL_GEOLOGICAL,0,1,0.09332216
r16_c03,21.815,80.085,barren,0.0,REAL_GEOLOGICAL,0,1,0.19528851
r16_c04,21.815,80.095,mineralized,1.0,REAL_GEOLOGICAL,1,0,0.53960824
r16_c05,21.815,80.105,mineralized,1.0,REAL_GEOLOGICAL,1,0,0.9328748
r16_c06,21.815,80.115,mineralized,1.0,REAL_GEOLOGICAL,1,0,0.91344696
r16_c07,21.815,80.125,mineralized,1.0,REAL_GEOLOGICAL,1,0,0.9600515
r16_c08,21.815,80.135,mineralized,1.0,REAL_GEOLOGICAL,1,0,0.9669426
r16_c09,21.815,80.145,mineralized,1.0,REAL_GEOLOGICAL,1,0,0.92565745
r16_c10,21.815,80.155,mineralized,1.0,REAL_GEOLOGICAL,1,0,0.85667896
r16_c11,21.815,80.165,mineralized,1.0,REAL_GEOLOGICAL,1,0,0.9526487
r16_c12,21.815,80.175,mineralized,1.0,REAL_GEOLOGICAL,1,0,0.9314351
r16_c13,21.815,80.185,mineralized,1.0,REAL_GEOLOGICAL,1,0,0.94460946
r16_c14,21.815,80.195,mineralized,1.0,REAL_GEOLOGICAL,1,0,0.98289305
r16_c15,21.815,80.205,mineralized,1.0,REAL_GEOLOGICAL,1,0,0.96406156
r16_c16,21.815,80.215,mineralized,1.0,REAL_GEOLOGICAL,1,0,0.9603955
r16_c17,21.815,80.225,mineralized,1.0,REAL_GEOLOGICAL,1,0,0.97523797
r16_c18,21.815,80.235,mineralized,1.0,REAL_GEOLOGICAL,1,0,0.9892763
r16_c19,21.815,80.245,mineralized,1.0,REAL_GEOLOGICAL,1,0,0.98106486
r16_c20,21.815,80.255,mineralized,1.0,REAL_GEOLOGICAL,1,0,0.95507175
r16_c21,21.815,80.265,mineralized,1.0,REAL_GEOLOGICAL,1,0,0.90585995
r16_c22,21.815,80.275,mineralized,1.0,REAL_GEOLOGICAL,1,0,0.88825995
r16_c23,21.815,80.285,mineralized,1.0,REAL_GEOLOGICAL,1,0,0.7066381
r16_c24,21.815,80.295,barren,0.0,REAL_GEOLOGICAL,0,1,0.04740824
r16_c25,21.815,80.305,barren,0.0,REAL_GEOLOGICAL,0,1,0.0036409877
r16_c26,21.815,80.315,barren,0.0,REAL_GEOLOGICAL,0,1,0.0032167977
r16_c27,21.815,80.325,barren,0.0,REAL_GEOLOGICAL,0,1,0.0033327197
r16_c28,21.815,80.335,barren,0.0,REAL_GEOLOGICAL,0,1,0.0018811587
r16_c29,21.815,80.345,barren,0.0,REAL_GEOLOGICAL,0,1,0.0018811587
r17_c00,21.825,80.055,barren,0.0,REAL_GEOLOGICAL,0,1,0.15309887
r17_c01,21.825,80.065,barren,0.0,REAL_GEOLOGICAL,0,1,0.04818137
r17_c02,21.825,80.075,barren,0.0,REAL_GEOLOGICAL,0,1,0.08026247
r17_c03,21.825,80.085,barren,0.0,REAL_GEOLOGICAL,0,1,0.11535919
r17_c04,21.825,80.095,barren,0.0,REAL_GEOLOGICAL,0,1,0.063125044
r17_c05,21.825,80.105,mineralized,1.0,REAL_GEOLOGICAL,1,0,0.81508994
r17_c06,21.825,80.115,mineralized,1.0,REAL_GEOLOGICAL,1,0,0.9615486
r17_c07,21.825,80.125,mineralized,1.0,REAL_GEOLOGICAL,1,0,0.93436515
r17_c08,21.825,80.135,mineralized,1.0,REAL_GEOLOGICAL,1,0,0.81054693
r17_c09,21.825,80.145,mineralized,1.0,REAL_GEOLOGICAL,1,0,0.85560995
r17_c10,21.825,80.155,mineralized,1.0,REAL_GEOLOGICAL,1,0,0.8873087
r17_c11,21.825,80.165,mineralized,1.0,REAL_GEOLOGICAL,1,0,0.9705312
r17_c12,21.825,80.175,mineralized,1.0,REAL_GEOLOGICAL,1,0,0.986863
r17_c13,21.825,80.185,mineralized,1.0,REAL_GEOLOGICAL,1,0,0.98778987
r17_c14,21.825,80.195,mineralized,1.0,REAL_GEOLOGICAL,1,0,0.96587634
r17_c15,21.825,80.205,mineralized,1.0,REAL_GEOLOGICAL,1,0,0.9579291
r17_c16,21.825,80.215,mineralized,1.0,REAL_GEOLOGICAL,1,0,0.95891964
r17_c17,21.825,80.225,mineralized,1.0,REAL_GEOLOGICAL,1,0,0.9791135
r17_c18,21.825,80.235,mineralized,1.0,REAL_GEOLOGICAL,1,0,0.97684336
r17_c19,21.825,80.245,mineralized,1.0,REAL_GEOLOGICAL,1,0,0.9757356
r17_c20,21.825,80.255,mineralized,1.0,REAL_GEOLOGICAL,1,0,0.9248241
r17_c21,21.825,80.265,mineralized,1.0,REAL_GEOLOGICAL,1,0,0.83299106
r17_c22,21.825,80.275,mineralized,1.0,REAL_GEOLOGICAL,1,0,0.7500022
r17_c23,21.825,80.285,barren,0.0,REAL_GEOLOGICAL,0,1,0.2617812
r17_c24,21.825,80.295,barren,0.0,REAL_GEOLOGICAL,0,1,0.39671627
r17_c25,21.825,80.305,barren,0.0,REAL_GEOLOGICAL,0,1,0.0020032455
r17_c26,21.825,80.315,barren,0.0,REAL_GEOLOGICAL,0,1,0.0032167977
r17_c27,21.825,80.325,barren,0.0,REAL_GEOLOGICAL,0,1,0.0036409877
r17_c28,21.825,80.335,barren,0.0,REAL_GEOLOGICAL,0,1,0.0016871305
r17_c29,21.825,80.345,barren,0.0,REAL_GEOLOGICAL,0,1,0.0018811587
r18_c00,21.835,80.055,barren,0.0,REAL_GEOLOGICAL,0,1,0.14119326
r18_c01,21.835,80.065,barren,0.0,REAL_GEOLOGICAL,0,1,0.12027859
r18_c02,21.835,80.075,barren,0.0,REAL_GEOLOGICAL,0,1,0.13747568
r18_c03,21.835,80.085,barren,0.0,REAL_GEOLOGICAL,0,1,0.14012285
r18_c04,21.835,80.095,barren,0.0,REAL_GEOLOGICAL,0,1,0.12309389
r18_c05,21.835,80.105,mineralized,1.0,REAL_GEOLOGICAL,1,0,0.73885226
r18_c06,21.835,80.115,mineralized,1.0,REAL_GEOLOGICAL,1,0,0.89909947
r18_c07,21.835,80.125,mineralized,1.0,REAL_GEOLOGICAL,1,0,0.9489192
r18_c08,21.835,80.135,mineralized,1.0,REAL_GEOLOGICAL,1,0,0.817808
r18_c09,21.835,80.145,mineralized,1.0,REAL_GEOLOGICAL,1,0,0.9280705
r18_c10,21.835,80.155,mineralized,1.0,REAL_GEOLOGICAL,1,0,0.78680676
r18_c11,21.835,80.165,mineralized,1.0,REAL_GEOLOGICAL,1,0,0.96484625
r18_c12,21.835,80.175,mineralized,1.0,REAL_GEOLOGICAL,1,0,0.8939251
r18_c13,21.835,80.185,mineralized,1.0,REAL_GEOLOGICAL,1,0,0.92008626
r18_c14,21.835,80.195,mineralized,1.0,REAL_GEOLOGICAL,1,0,0.9622465
r18_c15,21.835,80.205,mineralized,1.0,REAL_GEOLOGICAL,1,0,0.9533713
r18_c16,21.835,80.215,mineralized,1.0,REAL_GEOLOGICAL,1,0,0.9634573
r18_c17,21.835,80.225,mineralized,1.0,REAL_GEOLOGICAL,1,0,0.9673758
r18_c18,21.835,80.235,mineralized,1.0,REAL_GEOLOGICAL,1,0,0.93988246
r18_c19,21.835,80.245,mineralized,1.0,REAL_GEOLOGICAL,1,0,0.96246564
r18_c20,21.835,80.255,mineralized,1.0,REAL_GEOLOGICAL,1,0,0.86695546
r18_c21,21.835,80.265,mineralized,1.0,REAL_GEOLOGICAL,1,0,0.86752844
r18_c22,21.835,80.275,mineralized,1.0,REAL_GEOLOGICAL,1,0,0.9049551
r18_c23,21.835,80.285,barren,0.0,REAL_GEOLOGICAL,0,1,0.64637387
r18_c24,21.835,80.295,barren,0.0,REAL_GEOLOGICAL,0,1,0.34689718
r18_c25,21.835,80.305,barren,0.0,REAL_GEOLOGICAL,0,1,0.008534117
r18_c26,21.835,80.315,barren,0.0,REAL_GEOLOGICAL,0,1,0.0036409877
r18_c27,21.835,80.325,barren,0.0,REAL_GEOLOGICAL,0,1,0.0024145057
r18_c28,21.835,80.335,barren,0.0,REAL_GEOLOGICAL,0,1,0.0015537434
r18_c29,21.835,80.345,barren,0.0,REAL_GEOLOGICAL,0,1,0.0016871305
r19_c00,21.845,80.055,barren,0.0,REAL_GEOLOGICAL,0,1,0.1642563
r19_c01,21.845,80.065,barren,0.0,REAL_GEOLOGICAL,0,1,0.27125892
r19_c02,21.845,80.075,barren,0.0,REAL_GEOLOGICAL,0,1,0.22423893
r19_c03,21.845,80.085,barren,0.0,REAL_GEOLOGICAL,0,1,0.13140266
r19_c04,21.845,80.095,barren,0.0,REAL_GEOLOGICAL,0,1,0.16690981
r19_c05,21.845,80.105,barren,0.0,REAL_GEOLOGICAL,0,1,0.658893
r19_c06,21.845,80.115,mineralized,1.0,REAL_GEOLOGICAL,1,0,0.8175162
r19_c07,21.845,80.125,mineralized,1.0,REAL_GEOLOGICAL,1,0,0.8707719
r19_c08,21.845,80.135,mineralized,1.0,REAL_GEOLOGICAL,1,0,0.9064145
r19_c09,21.845,80.145,mineralized,1.0,REAL_GEOLOGICAL,1,0,0.91246814
r19_c10,21.845,80.155,mineralized,1.0,REAL_GEOLOGICAL,1,0,0.95026225
r19_c11,21.845,80.165,mineralized,1.0,REAL_GEOLOGICAL,1,0,0.9606757
r19_c12,21.845,80.175,mineralized,1.0,REAL_GEOLOGICAL,1,0,0.9245363
r19_c13,21.845,80.185,mineralized,1.0,REAL_GEOLOGICAL,1,0,0.92085737
r19_c14,21.845,80.195,mineralized,1.0,REAL_GEOLOGICAL,1,0,0.9696779
r19_c15,21.845,80.205,mineralized,1.0,REAL_GEOLOGICAL,1,0,0.9684317
r19_c16,21.845,80.215,mineralized,1.0,REAL_GEOLOGICAL,1,0,0.92019093
r19_c17,21.845,80.225,mineralized,1.0,REAL_GEOLOGICAL,1,0,0.78418916
r19_c18,21.845,80.235,mineralized,1.0,REAL_GEOLOGICAL,1,0,0.9214679
r19_c19,21.845,80.245,mineralized,1.0,REAL_GEOLOGICAL,1,0,0.92894363
r19_c20,21.845,80.255,mineralized,1.0,REAL_GEOLOGICAL,1,0,0.86931455
r19_c21,21.845,80.265,mineralized,1.0,REAL_GEOLOGICAL,1,0,0.85439074
r19_c22,21.845,80.275,barren,0.0,REAL_GEOLOGICAL,0,1,0.6105997
r19_c23,21.845,80.285,barren,0.0,REAL_GEOLOGICAL,0,1,0.41792712
r19_c24,21.845,80.295,barren,0.0,REAL_GEOLOGICAL,0,1,0.049293507
r19_c25,21.845,80.305,barren,0.0,REAL_GEOLOGICAL,0,1,0.009856895
r19_c26,21.845,80.315,barren,0.0,REAL_GEOLOGICAL,0,1,0.0029495317
r19_c27,21.845,80.325,barren,0.0,REAL_GEOLOGICAL,0,1,0.0019712031
r19_c28,21.845,80.335,barren,0.0,REAL_GEOLOGICAL,0,1,0.0019712031
r19_c29,21.845,80.345,barren,0.0,REAL_GEOLOGICAL,0,1,0.0018811587
r20_c00,21.855,80.055,barren,0.0,REAL_GEOLOGICAL,0,1,0.030754127
r20_c01,21.855,80.065,barren,0.0,REAL_GEOLOGICAL,0,1,0.03962539
r20_c02,21.855,80.075,barren,0.0,REAL_GEOLOGICAL,0,1,0.08951712
r20_c03,21.855,80.085,barren,0.0,REAL_GEOLOGICAL,0,1,0.14024393
r20_c04,21.855,80.095,barren,0.0,REAL_GEOLOGICAL,0,1,0.15455946
r20_c05,21.855,80.105,barren,0.0,REAL_GEOLOGICAL,0,1,0.1421073
r20_c06,21.855,80.115,mineralized,1.0,REAL_GEOLOGICAL,1,0,0.47665504
r20_c07,21.855,80.125,mineralized,1.0,REAL_GEOLOGICAL,1,0,0.7921576
r20_c08,21.855,80.135,mineralized,1.0,REAL_GEOLOGICAL,1,0,0.67988485
r20_c09,21.855,80.145,mineralized,1.0,REAL_GEOLOGICAL,1,0,0.7587833
r20_c10,21.855,80.155,mineralized,1.0,REAL_GEOLOGICAL,1,0,0.95550436
r20_c11,21.855,80.165,mineralized,1.0,REAL_GEOLOGICAL,1,0,0.9753954
r20_c12,21.855,80.175,mineralized,1.0,REAL_GEOLOGICAL,1,0,0.9765658
r20_c13,21.855,80.185,mineralized,1.0,REAL_GEOLOGICAL,1,0,0.920198
r20_c14,21.855,80.195,mineralized,1.0,REAL_GEOLOGICAL,1,0,0.9635089
r20_c15,21.855,80.205,mineralized,1.0,REAL_GEOLOGICAL,1,0,0.9353522
r20_c16,21.855,80.215,mineralized,1.0,REAL_GEOLOGICAL,1,0,0.9344784
r20_c17,21.855,80.225,mineralized,1.0,REAL_GEOLOGICAL,1,0,0.95426327
r20_c18,21.855,80.235,mineralized,1.0,REAL_GEOLOGICAL,1,0,0.91845393
r20_c19,21.855,80.245,mineralized,1.0,REAL_GEOLOGICAL,1,0,0.96505296
r20_c20,21.855,80.255,mineralized,1.0,REAL_GEOLOGICAL,1,0,0.9391191
r20_c21,21.855,80.265,mineralized,1.0,REAL_GEOLOGICAL,1,0,0.534627
r20_c22,21.855,80.275,barren,0.0,REAL_GEOLOGICAL,0,1,0.13552706
r20_c23,21.855,80.285,barren,0.0,REAL_GEOLOGICAL,0,1,0.046581168
r20_c24,21.855,80.295,barren,0.0,REAL_GEOLOGICAL,0,1,0.015644465
r20_c25,21.855,80.305,barren,0.0,REAL_GEOLOGICAL,0,1,0.0044233226
r20_c26,21.855,80.315,barren,0.0,REAL_GEOLOGICAL,0,1,0.009198316
r20_c27,21.855,80.325,barren,0.0,REAL_GEOLOGICAL,0,1,0.0029984757
r20_c28,21.855,80.335,barren,0.0,REAL_GEOLOGICAL,0,1,0.0036719507
r20_c29,21.855,80.345,barren,0.0,REAL_GEOLOGICAL,0,1,0.0018811587
r21_c00,21.865,80.055,barren,0.0,REAL_GEOLOGICAL,0,1,0.046142608
r21_c01,21.865,80.065,barren,0.0,REAL_GEOLOGICAL,0,1,0.14961077
r21_c02,21.865,80.075,barren,0.0,REAL_GEOLOGICAL,0,1,0.19630536
r21_c03,21.865,80.085,barren,0.0,REAL_GEOLOGICAL,0,1,0.062539935
r21_c04,21.865,80.095,barren,0.0,REAL_GEOLOGICAL,0,1,0.29011312
r21_c05,21.865,80.105,barren,0.0,REAL_GEOLOGICAL,0,1,0.31418172
r21_c06,21.865,80.115,barren,0.0,REAL_GEOLOGICAL,0,1,0.550392
r21_c07,21.865,80.125,mineralized,1.0,REAL_GEOLOGICAL,1,0,0.7657635
r21_c08,21.865,80.135,mineralized,1.0,REAL_GEOLOGICAL,1,0,0.7884291
r21_c09,21.865,80.145,mineralized,1.0,REAL_GEOLOGICAL,1,0,0.64082843
r21_c10,21.865,80.155,mineralized,1.0,REAL_GEOLOGICAL,1,0,0.89817953
r21_c11,21.865,80.165,mineralized,1.0,REAL_GEOLOGICAL,1,0,0.96992326
r21_c12,21.865,80.175,mineralized,1.0,REAL_GEOLOGICAL,1,0,0.9772036
r21_c13,21.865,80.185,mineralized,1.0,REAL_GEOLOGICAL,1,0,0.9404402
r21_c14,21.865,80.195,mineralized,1.0,REAL_GEOLOGICAL,1,0,0.9600955
r21_c15,21.865,80.205,mineralized,1.0,REAL_GEOLOGICAL,1,0,0.910952
r21_c16,21.865,80.215,mineralized,1.0,REAL_GEOLOGICAL,1,0,0.92187256
r21_c17,21.865,80.225,mineralized,1.0,REAL_GEOLOGICAL,1,0,0.8859024
r21_c18,21.865,80.235,mineralized,1.0,REAL_GEOLOGICAL,1,0,0.8843746
r21_c19,21.865,80.245,mineralized,1.0,REAL_GEOLOGICAL,1,0,0.79800045
r21_c20,21.865,80.255,mineralized,1.0,REAL_GEOLOGICAL,1,0,0.8182957
r21_c21,21.865,80.265,barren,0.0,REAL_GEOLOGICAL,0,1,0.123052776
r21_c22,21.865,80.275,barren,0.0,REAL_GEOLOGICAL,0,1,0.048176073
r21_c23,21.865,80.285,barren,0.0,REAL_GEOLOGICAL,0,1,0.065879054
r21_c24,21.865,80.295,barren,0.0,REAL_GEOLOGICAL,0,1,0.01039879
r21_c25,21.865,80.305,barren,0.0,REAL_GEOLOGICAL,0,1,0.0023441268
r21_c26,21.865,80.315,barren,0.0,REAL_GEOLOGICAL,0,1,0.0033327197
r21_c27,21.865,80.325,barren,0.0,REAL_GEOLOGICAL,0,1,0.0029495317
r21_c28,21.865,80.335,barren,0.0,REAL_GEOLOGICAL,0,1,0.0016871305
r21_c29,21.865,80.345,barren,0.0,REAL_GEOLOGICAL,0,1,0.0015932013
r22_c00,21.875,80.055,barren,0.0,REAL_GEOLOGICAL,0,1,0.037149113
r22_c01,21.875,80.065,barren,0.0,REAL_GEOLOGICAL,0,1,0.13309607
r22_c02,21.875,80.075,barren,0.0,REAL_GEOLOGICAL,0,1,0.071513586
r22_c03,21.875,80.085,barren,0.0,REAL_GEOLOGICAL,0,1,0.02264445
r22_c04,21.875,80.095,barren,0.0,REAL_GEOLOGICAL,0,1,0.20887236
r22_c05,21.875,80.105,barren,0.0,REAL_GEOLOGICAL,0,1,0.5489117
r22_c06,21.875,80.115,barren,0.0,REAL_GEOLOGICAL,0,1,0.5719785
r22_c07,21.875,80.125,barren,0.0,REAL_GEOLOGICAL,0,1,0.40500274
r22_c08,21.875,80.135,barren,0.0,REAL_GEOLOGICAL,0,1,0.46212626
r22_c09,21.875,80.145,mineralized,1.0,REAL_GEOLOGICAL,1,0,0.6999368
r22_c10,21.875,80.155,mineralized,1.0,REAL_GEOLOGICAL,1,0,0.68781173
r22_c11,21.875,80.165,mineralized,1.0,REAL_GEOLOGICAL,1,0,0.95673484
r22_c12,21.875,80.175,mineralized,1.0,REAL_GEOLOGICAL,1,0,0.9627807
r22_c13,21.875,80.185,mineralized,1.0,REAL_GEOLOGICAL,1,0,0.92626595
r22_c14,21.875,80.195,mineralized,1.0,REAL_GEOLOGICAL,1,0,0.96073216
r22_c15,21.875,80.205,mineralized,1.0,REAL_GEOLOGICAL,1,0,0.9305295
r22_c16,21.875,80.215,mineralized,1.0,REAL_GEOLOGICAL,1,0,0.87883365
r22_c17,21.875,80.225,mineralized,1.0,REAL_GEOLOGICAL,1,0,0.7226466
r22_c18,21.875,80.235,mineralized,1.0,REAL_GEOLOGICAL,1,0,0.7453719
r22_c19,21.875,80.245,barren,0.0,REAL_GEOLOGICAL,0,1,0.13158542
r22_c20,21.875,80.255,barren,0.0,REAL_GEOLOGICAL,0,1,0.057464562
r22_c21,21.875,80.265,barren,0.0,REAL_GEOLOGICAL,0,1,0.03228186
r22_c22,21.875,80.275,barren,0.0,REAL_GEOLOGICAL,0,1,0.012896195
r22_c23,21.875,80.285,barren,0.0,REAL_GEOLOGICAL,0,1,0.009022211
r22_c24,21.875,80.295,barren,0.0,REAL_GEOLOGICAL,0,1,0.009028612
r22_c25,21.875,80.305,barren,0.0,REAL_GEOLOGICAL,0,1,0.003439328
r22_c26,21.875,80.315,barren,0.0,REAL_GEOLOGICAL,0,1,0.002728376
r22_c27,21.875,80.325,barren,0.0,REAL_GEOLOGICAL,0,1,0.0018811587
r22_c28,21.875,80.335,barren,0.0,REAL_GEOLOGICAL,0,1,0.0015537434
r22_c29,21.875,80.345,barren,0.0,REAL_GEOLOGICAL,0,1,0.001135674
r23_c00,21.885,80.055,barren,0.0,REAL_GEOLOGICAL,0,1,0.046356805
r23_c01,21.885,80.065,barren,0.0,REAL_GEOLOGICAL,0,1,0.028931329
r23_c02,21.885,80.075,barren,0.0,REAL_GEOLOGICAL,0,1,0.02766354
r23_c03,21.885,80.085,barren,0.0,REAL_GEOLOGICAL,0,1,0.033907715
r23_c04,21.885,80.095,barren,0.0,REAL_GEOLOGICAL,0,1,0.19115052
r23_c05,21.885,80.105,barren,0.0,REAL_GEOLOGICAL,0,1,0.18492134
r23_c06,21.885,80.115,barren,0.0,REAL_GEOLOGICAL,0,1,0.10628698
r23_c07,21.885,80.125,barren,0.0,REAL_GEOLOGICAL,0,1,0.15279017
r23_c08,21.885,80.135,barren,0.0,REAL_GEOLOGICAL,0,1,0.057146102
r23_c09,21.885,80.145,barren,0.0,REAL_GEOLOGICAL,0,1,0.07159928
r23_c10,21.885,80.155,barren,0.0,REAL_GEOLOGICAL,0,1,0.3955313
r23_c11,21.885,80.165,mineralized,1.0,REAL_GEOLOGICAL,1,0,0.8736546
r23_c12,21.885,80.175,mineralized,1.0,REAL_GEOLOGICAL,1,0,0.96285194
r23_c13,21.885,80.185,mineralized,1.0,REAL_GEOLOGICAL,1,0,0.94245636
r23_c14,21.885,80.195,mineralized,1.0,REAL_GEOLOGICAL,1,0,0.93592787
r23_c15,21.885,80.205,mineralized,1.0,REAL_GEOLOGICAL,1,0,0.9412181
r23_c16,21.885,80.215,mineralized,1.0,REAL_GEOLOGICAL,1,0,0.80310875
r23_c17,21.885,80.225,barren,0.0,REAL_GEOLOGICAL,0,1,0.22333325
r23_c18,21.885,80.235,barren,0.0,REAL_GEOLOGICAL,0,1,0.093390346
r23_c19,21.885,80.245,barren,0.0,REAL_GEOLOGICAL,0,1,0.077022985
r23_c20,21.885,80.255,barren,0.0,REAL_GEOLOGICAL,0,1,0.028384767
r23_c21,21.885,80.265,barren,0.0,REAL_GEOLOGICAL,0,1,0.0024311522
r23_c22,21.885,80.275,barren,0.0,REAL_GEOLOGICAL,0,1,0.0058360724
r23_c23,21.885,80.285,barren,0.0,REAL_GEOLOGICAL,0,1,0.022664996
r23_c24,21.885,80.295,barren,0.0,REAL_GEOLOGICAL,0,1,0.026881853
r23_c25,21.885,80.305,barren,0.0,REAL_GEOLOGICAL,0,1,0.004281196
r23_c26,21.885,80.315,barren,0.0,REAL_GEOLOGICAL,0,1,0.0020708493
r23_c27,21.885,80.325,barren,0.0,REAL_GEOLOGICAL,0,1,0.0018811587
r23_c28,21.885,80.335,barren,0.0,REAL_GEOLOGICAL,0,1,0.0016871305
r23_c29,21.885,80.345,barren,0.0,REAL_GEOLOGICAL,0,1,0.0055757677
r24_c00,21.895,80.055,barren,0.0,REAL_GEOLOGICAL,0,1,0.017070718
r24_c01,21.895,80.065,barren,0.0,REAL_GEOLOGICAL,0,1,0.015873203
r24_c02,21.895,80.075,barren,0.0,REAL_GEOLOGICAL,0,1,0.021293094
r24_c03,21.895,80.085,barren,0.0,REAL_GEOLOGICAL,0,1,0.019703502
r24_c04,21.895,80.095,barren,0.0,REAL_GEOLOGICAL,0,1,0.024065629
r24_c05,21.895,80.105,barren,0.0,REAL_GEOLOGICAL,0,1,0.16258734
r24_c06,21.895,80.115,barren,0.0,REAL_GEOLOGICAL,0,1,0.110745564
r24_c07,21.895,80.125,barren,0.0,REAL_GEOLOGICAL,0,1,0.024535822
r24_c08,21.895,80.135,barren,0.0,REAL_GEOLOGICAL,0,1,0.026679933
r24_c09,21.895,80.145,barren,0.0,REAL_GEOLOGICAL,0,1,0.10036987
r24_c10,21.895,80.155,barren,0.0,REAL_GEOLOGICAL,0,1,0.69213516
r24_c11,21.895,80.165,barren,0.0,REAL_GEOLOGICAL,0,1,0.6720331
r24_c12,21.895,80.175,barren,0.0,REAL_GEOLOGICAL,0,1,0.8937188
r24_c13,21.895,80.185,barren,0.0,REAL_GEOLOGICAL,0,1,0.74329334
r24_c14,21.895,80.195,barren,0.0,REAL_GEOLOGICAL,0,1,0.72794855
r24_c15,21.895,80.205,barren,0.0,REAL_GEOLOGICAL,0,1,0.7170097
r24_c16,21.895,80.215,barren,0.0,REAL_GEOLOGICAL,0,1,0.5527119
r24_c17,21.895,80.225,barren,0.0,REAL_GEOLOGICAL,0,1,0.043727636
r24_c18,21.895,80.235,barren,0.0,REAL_GEOLOGICAL,0,1,0.12777783
r24_c19,21.895,80.245,barren,0.0,REAL_GEOLOGICAL,0,1,0.09417448
r24_c20,21.895,80.255,barren,0.0,REAL_GEOLOGICAL,0,1,0.052559964
r24_c21,21.895,80.265,barren,0.0,REAL_GEOLOGICAL,0,1,0.004954945
r24_c22,21.895,80.275,barren,0.0,REAL_GEOLOGICAL,0,1,0.0055757277
r24_c23,21.895,80.285,barren,0.0,REAL_GEOLOGICAL,0,1,0.009719559
r24_c24,21.895,80.295,barren,0.0,REAL_GEOLOGICAL,0,1,0.0072053554
r24_c25,21.895,80.305,barren,0.0,REAL_GEOLOGICAL,0,1,0.004281196
r24_c26,21.895,80.315,barren,0.0,REAL_GEOLOGICAL,0,1,0.0029495317
r24_c27,21.895,80.325,barren,0.0,REAL_GEOLOGICAL,0,1,0.0019712031
r24_c28,21.895,80.335,barren,0.0,REAL_GEOLOGICAL,0,1,0.0020708493
r24_c29,21.895,80.345,barren,0.0,REAL_GEOLOGICAL,0,1,0.0019693447
r25_c00,21.905,80.055,barren,0.0,REAL_GEOLOGICAL,0,1,0.016942013
r25_c01,21.905,80.065,barren,0.0,REAL_GEOLOGICAL,0,1,0.02367047
r25_c02,21.905,80.075,barren,0.0,REAL_GEOLOGICAL,0,1,0.03377806
r25_c03,21.905,80.085,barren,0.0,REAL_GEOLOGICAL,0,1,0.045202624
r25_c04,21.905,80.095,barren,0.0,REAL_GEOLOGICAL,0,1,0.06320866
r25_c05,21.905,80.105,barren,0.0,REAL_GEOLOGICAL,0,1,0.14975949
r25_c06,21.905,80.115,barren,0.0,REAL_GEOLOGICAL,0,1,0.05701323
r25_c07,21.905,80.125,barren,0.0,REAL_GEOLOGICAL,0,1,0.03405072
r25_c08,21.905,80.135,barren,0.0,REAL_GEOLOGICAL,0,1,0.074676424
r25_c09,21.905,80.145,barren,0.0,REAL_GEOLOGICAL,0,1,0.10956976
r25_c10,21.905,80.155,barren,0.0,REAL_GEOLOGICAL,0,1,0.17329653
r25_c11,21.905,80.165,barren,0.0,REAL_GEOLOGICAL,0,1,0.14238915
r25_c12,21.905,80.175,barren,0.0,REAL_GEOLOGICAL,0,1,0.35427964
r25_c13,21.905,80.185,barren,0.0,REAL_GEOLOGICAL,0,1,0.17796484
r25_c14,21.905,80.195,barren,0.0,REAL_GEOLOGICAL,0,1,0.08573544
r25_c15,21.905,80.205,barren,0.0,REAL_GEOLOGICAL,0,1,0.003518329
r25_c16,21.905,80.215,barren,0.0,REAL_GEOLOGICAL,0,1,0.0030018631
r25_c17,21.905,80.225,barren,0.0,REAL_GEOLOGICAL,0,1,0.0023126649
r25_c18,21.905,80.235,barren,0.0,REAL_GEOLOGICAL,0,1,0.0028428112
r25_c19,21.905,80.245,barren,0.0,REAL_GEOLOGICAL,0,1,0.0033327197
r25_c20,21.905,80.255,barren,0.0,REAL_GEOLOGICAL,0,1,0.0040044123
r25_c21,21.905,80.265,barren,0.0,REAL_GEOLOGICAL,0,1,0.0024082358
r25_c22,21.905,80.275,barren,0.0,REAL_GEOLOGICAL,0,1,0.0029984757
r25_c23,21.905,80.285,barren,0.0,REAL_GEOLOGICAL,0,1,0.0036986857
r25_c24,21.905,80.295,barren,0.0,REAL_GEOLOGICAL,0,1,0.0036719507
r25_c25,21.905,80.305,barren,0.0,REAL_GEOLOGICAL,0,1,0.0024082358
r25_c26,21.905,80.315,barren,0.0,REAL_GEOLOGICAL,0,1,0.0018811587
r25_c27,21.905,80.325,barren,0.0,REAL_GEOLOGICAL,0,1,0.0018811587
r25_c28,21.905,80.335,barren,0.0,REAL_GEOLOGICAL,0,1,0.0018811587
r25_c29,21.905,80.345,barren,0.0,REAL_GEOLOGICAL,0,1,0.002321055
r26_c00,21.915,80.055,barren,0.0,REAL_GEOLOGICAL,0,1,0.043322667
r26_c01,21.915,80.065,barren,0.0,REAL_GEOLOGICAL,0,1,0.044678885
r26_c02,21.915,80.075,barren,0.0,REAL_GEOLOGICAL,0,1,0.028060975
r26_c03,21.915,80.085,barren,0.0,REAL_GEOLOGICAL,0,1,0.11204634
r26_c04,21.915,80.095,barren,0.0,REAL_GEOLOGICAL,0,1,0.22282924
r26_c05,21.915,80.105,barren,0.0,REAL_GEOLOGICAL,0,1,0.44710046
r26_c06,21.915,80.115,barren,0.0,REAL_GEOLOGICAL,0,1,0.07575609
r26_c07,21.915,80.125,barren,0.0,REAL_GEOLOGICAL,0,1,0.09295294
r26_c08,21.915,80.135,barren,0.0,REAL_GEOLOGICAL,0,1,0.04681949
r26_c09,21.915,80.145,barren,0.0,REAL_GEOLOGICAL,0,1,0.10340437
r26_c10,21.915,80.155,barren,0.0,REAL_GEOLOGICAL,0,1,0.117513105
r26_c11,21.915,80.165,barren,0.0,REAL_GEOLOGICAL,0,1,0.21001367
r26_c12,21.915,80.175,barren,0.0,REAL_GEOLOGICAL,0,1,0.087145485
r26_c13,21.915,80.185,barren,0.0,REAL_GEOLOGICAL,0,1,0.26997072
r26_c14,21.915,80.195,barren,0.0,REAL_GEOLOGICAL,0,1,0.038475804
r26_c15,21.915,80.205,barren,0.0,REAL_GEOLOGICAL,0,1,0.0039511845
r26_c16,21.915,80.215,barren,0.0,REAL_GEOLOGICAL,0,1,0.002114205
r26_c17,21.915,80.225,barren,0.0,REAL_GEOLOGICAL,0,1,0.0011335642
r26_c18,21.915,80.235,barren,0.0,REAL_GEOLOGICAL,0,1,0.0011908971
r26_c19,21.915,80.245,barren,0.0,REAL_GEOLOGICAL,0,1,0.002304258
r26_c20,21.915,80.255,barren,0.0,REAL_GEOLOGICAL,0,1,0.0040044123
r26_c21,21.915,80.265,barren,0.0,REAL_GEOLOGICAL,0,1,0.0019712031
r26_c22,21.915,80.275,barren,0.0,REAL_GEOLOGICAL,0,1,0.0019712031
r26_c23,21.915,80.285,barren,0.0,REAL_GEOLOGICAL,0,1,0.0018811587
r26_c24,21.915,80.295,barren,0.0,REAL_GEOLOGICAL,0,1,0.0024082358
r26_c25,21.915,80.305,barren,0.0,REAL_GEOLOGICAL,0,1,0.0024082358
r26_c26,21.915,80.315,barren,0.0,REAL_GEOLOGICAL,0,1,0.0019712031
r26_c27,21.915,80.325,barren,0.0,REAL_GEOLOGICAL,0,1,0.0019693447
r26_c28,21.915,80.335,barren,0.0,REAL_GEOLOGICAL,0,1,0.0019693447
r26_c29,21.915,80.345,barren,0.0,REAL_GEOLOGICAL,0,1,0.0018811587
r27_c00,21.925,80.055,barren,0.0,REAL_GEOLOGICAL,0,1,0.041995358
r27_c01,21.925,80.065,barren,0.0,REAL_GEOLOGICAL,0,1,0.017724605
r27_c02,21.925,80.075,barren,0.0,REAL_GEOLOGICAL,0,1,0.025863407
r27_c03,21.925,80.085,barren,0.0,REAL_GEOLOGICAL,0,1,0.16799563
r27_c04,21.925,80.095,barren,0.0,REAL_GEOLOGICAL,0,1,0.091307476
r27_c05,21.925,80.105,barren,0.0,REAL_GEOLOGICAL,0,1,0.06905538
r27_c06,21.925,80.115,barren,0.0,REAL_GEOLOGICAL,0,1,0.038220633
r27_c07,21.925,80.125,barren,0.0,REAL_GEOLOGICAL,0,1,0.044212107
r27_c08,21.925,80.135,barren,0.0,REAL_GEOLOGICAL,0,1,0.06610897
r27_c09,21.925,80.145,barren,0.0,REAL_GEOLOGICAL,0,1,0.09418126
r27_c10,21.925,80.155,barren,0.0,REAL_GEOLOGICAL,0,1,0.06857019
r27_c11,21.925,80.165,barren,0.0,REAL_GEOLOGICAL,0,1,0.18287963
r27_c12,21.925,80.175,barren,0.0,REAL_GEOLOGICAL,0,1,0.48061907
r27_c13,21.925,80.185,barren,0.0,REAL_GEOLOGICAL,0,1,0.46960172
r27_c14,21.925,80.195,barren,0.0,REAL_GEOLOGICAL,0,1,0.2823396
r27_c15,21.925,80.205,barren,0.0,REAL_GEOLOGICAL,0,1,0.021373894
r27_c16,21.925,80.215,barren,0.0,REAL_GEOLOGICAL,0,1,0.0015504616
r27_c17,21.925,80.225,barren,0.0,REAL_GEOLOGICAL,0,1,0.0013783205
r27_c18,21.925,80.235,barren,0.0,REAL_GEOLOGICAL,0,1,0.0034813096
r27_c19,21.925,80.245,barren,0.0,REAL_GEOLOGICAL,0,1,0.014589062
r27_c20,21.925,80.255,barren,0.0,REAL_GEOLOGICAL,0,1,0.0024082358
r27_c21,21.925,80.265,barren,0.0,REAL_GEOLOGICAL,0,1,0.0018811587
r27_c22,21.925,80.275,barren,0.0,REAL_GEOLOGICAL,0,1,0.0018811587
r27_c23,21.925,80.285,barren,0.0,REAL_GEOLOGICAL,0,1,0.0018811587
r27_c24,21.925,80.295,barren,0.0,REAL_GEOLOGICAL,0,1,0.0018811587
r27_c25,21.925,80.305,barren,0.0,REAL_GEOLOGICAL,0,1,0.0018811587
r27_c26,21.925,80.315,barren,0.0,REAL_GEOLOGICAL,0,1,0.0018811587
r27_c27,21.925,80.325,barren,0.0,REAL_GEOLOGICAL,0,1,0.0018811587
r27_c28,21.925,80.335,barren,0.0,REAL_GEOLOGICAL,0,1,0.0018811587
r27_c29,21.925,80.345,barren,0.0,REAL_GEOLOGICAL,0,1,0.002321055
r28_c00,21.935,80.055,barren,0.0,REAL_GEOLOGICAL,0,1,0.12400258
r28_c01,21.935,80.065,barren,0.0,REAL_GEOLOGICAL,0,1,0.023612874
r28_c02,21.935,80.075,barren,0.0,REAL_GEOLOGICAL,0,1,0.043358896
r28_c03,21.935,80.085,barren,0.0,REAL_GEOLOGICAL,0,1,0.020942334
r28_c04,21.935,80.095,barren,0.0,REAL_GEOLOGICAL,0,1,0.008900378
r28_c05,21.935,80.105,barren,0.0,REAL_GEOLOGICAL,0,1,0.03069668
r28_c06,21.935,80.115,barren,0.0,REAL_GEOLOGICAL,0,1,0.021479348
r28_c07,21.935,80.125,barren,0.0,REAL_GEOLOGICAL,0,1,0.060310382
r28_c08,21.935,80.135,barren,0.0,REAL_GEOLOGICAL,0,1,0.09705579
r28_c09,21.935,80.145,barren,0.0,REAL_GEOLOGICAL,0,1,0.07522595
r28_c10,21.935,80.155,barren,0.0,REAL_GEOLOGICAL,0,1,0.16525282
r28_c11,21.935,80.165,barren,0.0,REAL_GEOLOGICAL,0,1,0.16610071
r28_c12,21.935,80.175,barren,0.0,REAL_GEOLOGICAL,0,1,0.26572248
r28_c13,21.935,80.185,barren,0.0,REAL_GEOLOGICAL,0,1,0.14350896
r28_c14,21.935,80.195,barren,0.0,REAL_GEOLOGICAL,0,1,0.17869869
r28_c15,21.935,80.205,barren,0.0,REAL_GEOLOGICAL,0,1,0.0031569477
r28_c16,21.935,80.215,barren,0.0,REAL_GEOLOGICAL,0,1,0.0015510957
r28_c17,21.935,80.225,barren,0.0,REAL_GEOLOGICAL,0,1,0.0033327197
r28_c18,21.935,80.235,barren,0.0,REAL_GEOLOGICAL,0,1,0.0029984757
r28_c19,21.935,80.245,barren,0.0,REAL_GEOLOGICAL,0,1,0.0029984757
r28_c20,21.935,80.255,barren,0.0,REAL_GEOLOGICAL,0,1,0.0029495317
r28_c21,21.935,80.265,barren,0.0,REAL_GEOLOGICAL,0,1,0.0018811587
r28_c22,21.935,80.275,barren,0.0,REAL_GEOLOGICAL,0,1,0.0018811587
r28_c23,21.935,80.285,barren,0.0,REAL_GEOLOGICAL,0,1,0.0016871305
r28_c24,21.935,80.295,barren,0.0,REAL_GEOLOGICAL,0,1,0.0015537434
r28_c25,21.935,80.305,barren,0.0,REAL_GEOLOGICAL,0,1,0.0015537434
r28_c26,21.935,80.315,barren,0.0,REAL_GEOLOGICAL,0,1,0.0024082358
r28_c27,21.935,80.325,barren,0.0,REAL_GEOLOGICAL,0,1,0.0018811587
r28_c28,21.935,80.335,barren,0.0,REAL_GEOLOGICAL,0,1,0.0018811587
r28_c29,21.935,80.345,barren,0.0,REAL_GEOLOGICAL,0,1,0.0018811587
r29_c00,21.945,80.055,barren,0.0,REAL_GEOLOGICAL,0,1,0.24371432
r29_c01,21.945,80.065,barren,0.0,REAL_GEOLOGICAL,0,1,0.023506869
r29_c02,21.945,80.075,barren,0.0,REAL_GEOLOGICAL,0,1,0.050198074
r29_c03,21.945,80.085,barren,0.0,REAL_GEOLOGICAL,0,1,0.022430977
r29_c04,21.945,80.095,barren,0.0,REAL_GEOLOGICAL,0,1,0.015665818
r29_c05,21.945,80.105,barren,0.0,REAL_GEOLOGICAL,0,1,0.06258703
r29_c06,21.945,80.115,barren,0.0,REAL_GEOLOGICAL,0,1,0.3876568
r29_c07,21.945,80.125,barren,0.0,REAL_GEOLOGICAL,0,1,0.4529499
r29_c08,21.945,80.135,barren,0.0,REAL_GEOLOGICAL,0,1,0.15781009
r29_c09,21.945,80.145,barren,0.0,REAL_GEOLOGICAL,0,1,0.36653948
r29_c10,21.945,80.155,barren,0.0,REAL_GEOLOGICAL,0,1,0.29766336
r29_c11,21.945,80.165,barren,0.0,REAL_GEOLOGICAL,0,1,0.14689657
r29_c12,21.945,80.175,barren,0.0,REAL_GEOLOGICAL,0,1,0.15765795
r29_c13,21.945,80.185,barren,0.0,REAL_GEOLOGICAL,0,1,0.07589453
r29_c14,21.945,80.195,barren,0.0,REAL_GEOLOGICAL,0,1,0.029185703
r29_c15,21.945,80.205,barren,0.0,REAL_GEOLOGICAL,0,1,0.003439328
r29_c16,21.945,80.215,barren,0.0,REAL_GEOLOGICAL,0,1,0.0029495317
r29_c17,21.945,80.225,barren,0.0,REAL_GEOLOGICAL,0,1,0.0024082358
r29_c18,21.945,80.235,barren,0.0,REAL_GEOLOGICAL,0,1,0.0018811587
r29_c19,21.945,80.245,barren,0.0,REAL_GEOLOGICAL,0,1,0.0018811587
r29_c20,21.945,80.255,barren,0.0,REAL_GEOLOGICAL,0,1,0.0018811587
r29_c21,21.945,80.265,barren,0.0,REAL_GEOLOGICAL,0,1,0.0015537434
r29_c22,21.945,80.275,barren,0.0,REAL_GEOLOGICAL,0,1,0.0016871305
r29_c23,21.945,80.285,barren,0.0,REAL_GEOLOGICAL,0,1,0.0019693447
r29_c24,21.945,80.295,barren,0.0,REAL_GEOLOGICAL,0,1,0.0015537434
r29_c25,21.945,80.305,barren,0.0,REAL_GEOLOGICAL,0,1,0.001345622
r29_c26,21.945,80.315,barren,0.0,REAL_GEOLOGICAL,0,1,0.0015537434
r29_c27,21.945,80.325,barren,0.0,REAL_GEOLOGICAL,0,1,0.0018811587
r29_c28,21.945,80.335,barren,0.0,REAL_GEOLOGICAL,0,1,0.0018811587
r29_c29,21.945,80.345,barren,0.0,REAL_GEOLOGICAL,0,1,0.0016871305
